,Frames,Angles,label
0,0,36.17730634,0
1,1,36.44942107,0
2,2,35.97740036,0
3,3,35.06914913,0
4,4,35.34134582,0
5,5,35.56403731,0
6,6,33.3540613,0
7,7,36.32027586,0
8,8,35.77634691,0
9,9,36.42898515,0
10,10,38.74676886,0
11,11,40.18638149,0
12,12,40.18782949,0
13,13,48.42364427,0
14,14,48.45621062,0
15,15,56.81133514,0
16,16,68.64441931,0
17,17,77.55986524,0
18,18,99.49048251,0
19,19,201.8098308,0
20,20,299.5628972,0
21,21,313.7519048,0
22,22,335.1429372,0
23,23,339.7606605,0
24,24,340.8722328,0
25,25,345.0908582,0
26,26,349.0160313,0
27,27,349.1838217,0
28,28,350.4926635,0
29,29,352.5739724,0
30,30,355.0572243,0
31,31,355.9158784,0
32,32,355.9623064,0
33,33,356.5210568,0
34,34,356.0222344,0
35,35,356.0388455,0
36,36,355.6174911,0
37,37,356.1517485,0
38,38,355.3752143,0
39,39,353.5894067,0
40,40,352.9206492,0
41,41,349.5153354,0
42,42,348.136006,0
43,43,348.5422657,0
44,44,345.1651196,0
45,45,345.868069,0
46,46,336.638612,0
47,47,333.1326486,0
48,48,320.4655983,0
49,49,307.9081179,0
50,50,194.2634007,0
51,51,90.45009877,0
52,52,71.21347202,0
53,53,62.52385948,0
54,54,55.33874636,0
55,55,51.91231366,0
56,56,44.26567099,0
57,57,42.99580222,0
58,58,40.94554336,0
59,59,37.55001044,0
60,60,36.84923303,0
61,61,36.53400614,0
62,62,36.60831859,0
63,0,36.00163387,0
64,0.875,37.70322524,0
65,1.75,37.82595008,0
66,2.625,38.27947464,0
67,3.5,36.40609035,0
68,4.375,37.19164407,0
69,5.25,39.49806235,0
70,6.125,39.59278341,0
71,7,38.79255845,0
72,7.875,40.59772281,0
73,8.75,42.77783723,0
74,9.625,49.07029926,0
75,10.5,50.91510604,0
76,11.375,54.6543614,0
77,12.25,63.56762166,0
78,13.125,73.58182646,0
79,14,93.6280765,0
80,14.875,114.4251829,0
81,15.75,196.0299608,0
82,16.625,259.5325928,0
83,17.5,298.2636996,0
84,18.375,324.8457713,0
85,19.25,337.6210764,0
86,20.125,338.9719376,0
87,21,340.107962,0
88,21.875,343.1142697,0
89,22.75,342.8623997,0
90,23.625,344.6756373,0
91,24.5,346.1065346,0
92,25.375,346.5529831,0
93,26.25,348.8644011,0
94,27.125,350.1807834,0
95,28,351.5184214,0
96,28.875,352.3997753,0
97,29.75,353.9862133,0
98,30.625,355.2936582,0
99,31.5,354.1712158,0
100,32.375,353.2608609,0
101,33.25,353.1961517,0
102,34.125,353.5695955,0
103,35,352.5310415,0
104,35.875,351.4116828,0
105,36.75,350.9149095,0
106,37.625,348.7832757,0
107,38.5,346.3717409,0
108,39.375,345.3616378,0
109,40.25,345.1136337,0
110,41.125,343.441576,0
111,42,340.891238,0
112,42.875,331.484401,0
113,43.75,329.6816409,0
114,44.625,311.9235452,0
115,45.5,293.875385,0
116,46.375,258.7585821,0
117,47.25,189.8833097,0
118,48.125,110.0164597,0
119,49,87.77908499,0
120,49.875,71.24521874,0
121,50.75,59.07977757,0
122,51.625,55.7135325,0
123,52.5,50.56807779,0
124,53.375,48.543719,0
125,54.25,47.42064465,0
126,55.125,45.31517054,0
127,56,43.56339094,0
128,56.875,43.78427926,0
129,57.75,42.86985354,0
130,58.625,43.02413385,0
131,59.5,42.8932401,0
132,60.375,43.5566154,0
133,61.25,43.89145859,0
134,62.125,43.52587954,0
135,0,43.33332285,0
136,0.9264705882,44.77889141,0
137,1.852941176,45.58777705,0
138,2.779411765,46.97310334,0
139,3.705882353,50.22170523,0
140,4.632352941,51.62724888,0
141,5.558823529,53.88995395,0
142,6.485294118,56.8330005,0
143,7.411764706,63.97546592,0
144,8.338235294,68.35645854,0
145,9.264705882,75.32265043,0
146,10.19117647,95.20054997,0
147,11.11764706,108.7755783,0
148,12.04411765,167.2260149,0
149,12.97058824,267.5581197,0
150,13.89705882,294.6580837,0
151,14.82352941,325.1805325,0
152,15.75,338.7417365,0
153,16.67647059,341.218691,0
154,17.60294118,342.6927687,0
155,18.52941176,345.4642783,0
156,19.45588235,347.2380784,0
157,20.38235294,347.4487078,0
158,21.30882353,350.3054481,0
159,22.23529412,354.7906557,0
160,23.16176471,352.4479591,0
161,24.08823529,351.595975,0
162,25.01470588,352.2163474,0
163,25.94117647,348.426371,0
164,26.86764706,347.7095154,0
165,27.79411765,348.4810262,0
166,28.72058824,349.128897,0
167,29.64705882,349.4512136,0
168,30.57352941,349.2555833,0
169,31.5,349.2248065,0
170,32.42647059,349.8455068,0
171,33.35294118,349.4633304,0
172,34.27941176,349.1264791,0
173,35.20588235,348.784068,0
174,36.13235294,348.1641874,0
175,37.05882353,348.4308926,0
176,37.98529412,349.2321011,0
177,38.91176471,347.426486,0
178,39.83823529,344.5017443,0
179,40.76470588,343.1575495,0
180,41.69117647,337.5915327,0
181,42.61764706,336.9749305,0
182,43.54411765,329.7597372,0
183,44.47058824,304.7777876,0
184,45.39705882,276.5580278,0
185,46.32352941,136.1427529,0
186,47.25,93.68028647,0
187,48.17647059,78.44585005,0
188,49.10294118,71.51716956,0
189,50.02941176,63.95696977,0
190,50.95588235,58.27791336,0
191,51.88235294,49.95726763,0
192,52.80882353,50.59640941,0
193,53.73529412,46.18634751,0
194,54.66176471,42.58058136,0
195,55.58823529,44.65337985,0
196,56.51470588,44.27047945,0
197,57.44117647,43.04181038,0
198,58.36764706,42.59620884,0
199,59.29411765,42.63074227,0
200,60.22058824,42.13424216,0
201,61.14705882,44.16480276,0
202,62.07352941,44.90453957,0
203,0,44.15723491,0
204,0.9264705882,44.673324,0
205,1.852941176,44.74714469,0
206,2.779411765,45.19291015,0
207,3.705882353,44.81943541,0
208,4.632352941,43.25931092,0
209,5.558823529,43.83362055,0
210,6.485294118,46.91564779,0
211,7.411764706,49.35601974,0
212,8.338235294,53.10448219,0
213,9.264705882,55.77038699,0
214,10.19117647,60.08572783,0
215,11.11764706,64.64214702,0
216,12.04411765,73.36342433,0
217,12.97058824,83.77197693,0
218,13.89705882,92.71392398,0
219,14.82352941,130.4412115,0
220,15.75,231.6941214,0
221,16.67647059,286.5718227,0
222,17.60294118,322.8680081,0
223,18.52941176,335.9793895,0
224,19.45588235,343.4763827,0
225,20.38235294,349.5084779,0
226,21.30882353,347.3774725,0
227,22.23529412,347.3715166,0
228,23.16176471,348.3416084,0
229,24.08823529,350.1704052,0
230,25.01470588,353.1970806,0
231,25.94117647,353.4971308,0
232,26.86764706,353.6571621,0
233,27.79411765,355.7799676,0
234,28.72058824,354.4344786,0
235,29.64705882,355.9561045,0
236,30.57352941,355.6793353,0
237,31.5,356.0430802,0
238,32.42647059,355.5297541,0
239,33.35294118,355.0709976,0
240,34.27941176,354.864695,0
241,35.20588235,354.2982674,0
242,36.13235294,352.9433117,0
243,37.05882353,351.3839932,0
244,37.98529412,351.3353213,0
245,38.91176471,349.4396569,0
246,39.83823529,348.4041046,0
247,40.76470588,346.8738281,0
248,41.69117647,346.359064,0
249,42.61764706,341.6908619,0
250,43.54411765,336.6001171,0
251,44.47058824,321.9380915,0
252,45.39705882,276.8446635,0
253,46.32352941,234.4551708,0
254,47.25,144.809416,0
255,48.17647059,99.44534862,0
256,49.10294118,81.63516591,0
257,50.02941176,64.64722868,0
258,50.95588235,65.37338708,0
259,51.88235294,55.56277656,0
260,52.80882353,49.83000754,0
261,53.73529412,49.43309159,0
262,54.66176471,46.82458771,0
263,55.58823529,44.82804145,0
264,56.51470588,42.56274091,0
265,57.44117647,41.15413734,0
266,58.36764706,41.33109388,0
267,59.29411765,42.60806604,0
268,60.22058824,42.14905001,0
269,61.14705882,41.68252077,0
270,62.07352941,42.34070512,0
271,0,42.64628778,0
272,0.875,42.25904338,0
273,1.75,41.43884694,0
274,2.625,40.32659162,0
275,3.5,40.19561591,0
276,4.375,40.90030019,0
277,5.25,42.05039476,0
278,6.125,45.24973733,0
279,7,47.3587085,0
280,7.875,49.28244494,0
281,8.75,53.01413245,0
282,9.625,55.77347424,0
283,10.5,63.64302695,0
284,11.375,69.90199374,0
285,12.25,81.64860772,0
286,13.125,102.9965279,0
287,14,129.686421,0
288,14.875,215.9799325,0
289,15.75,269.482102,0
290,16.625,301.7689117,0
291,17.5,308.9776163,0
292,18.375,336.4919132,0
293,19.25,339.5474393,0
294,20.125,345.9645113,0
295,21,349.3715599,0
296,21.875,349.2679869,0
297,22.75,350.967461,0
298,23.625,354.1132548,0
299,24.5,354.1450016,0
300,25.375,354.6166225,0
301,26.25,355.9107694,0
302,27.125,355.7733697,0
303,28,356.8771146,0
304,28.875,356.2313202,0
305,29.75,356.9414959,0
306,30.625,356.7314676,0
307,31.5,356.8943949,0
308,32.375,356.6282908,0
309,33.25,356.4834634,0
310,34.125,356.4756124,0
311,35,355.8730358,0
312,35.875,355.9860108,0
313,36.75,354.409767,0
314,37.625,353.6943047,0
315,38.5,352.8948447,0
316,39.375,352.5949721,0
317,40.25,348.5522651,0
318,41.125,345.5745485,0
319,42,340.4617694,0
320,42.875,338.2010451,0
321,43.75,332.015776,0
322,44.625,314.2880747,0
323,45.5,275.5732921,0
324,46.375,216.8602893,0
325,47.25,103.9545849,0
326,48.125,83.24405795,0
327,49,69.91964295,0
328,49.875,59.97546125,0
329,50.75,57.26330242,0
330,51.625,51.14246937,0
331,52.5,46.83054363,0
332,53.375,45.12239528,0
333,54.25,44.21015522,0
334,55.125,43.15625703,0
335,56,42.31037908,0
336,56.875,42.03487657,0
337,57.75,42.06435567,0
338,58.625,41.89392879,0
339,59.5,41.42540513,0
340,60.375,42.22838949,0
341,61.25,42.42785833,0
342,62.125,40.46054529,0
343,0,41.75582236,0
344,0.984375,41.81797708,0
345,1.96875,42.68131299,0
346,2.953125,42.83351693,0
347,3.9375,43.76100198,0
348,4.921875,46.72803615,0
349,5.90625,46.90551179,0
350,6.890625,50.06685118,0
351,7.875,53.44041822,0
352,8.859375,58.23911788,0
353,9.84375,64.24615998,0
354,10.828125,69.96816461,0
355,11.8125,80.03029002,0
356,12.796875,88.17417045,0
357,13.78125,104.3610358,0
358,14.765625,164.6002443,0
359,15.75,265.8470344,0
360,16.734375,307.2173126,0
361,17.71875,314.9094443,0
362,18.703125,323.017357,0
363,19.6875,329.2645349,0
364,20.671875,327.472867,0
365,21.65625,331.5440695,0
366,22.640625,337.0868227,0
367,23.625,338.9220535,0
368,24.609375,340.7082436,0
369,25.59375,341.0031439,0
370,26.578125,343.1645162,0
371,27.5625,343.303374,0
372,28.546875,342.80309,0
373,29.53125,343.5791497,0
374,30.515625,343.769753,0
375,31.5,343.0508209,0
376,32.484375,343.299836,0
377,33.46875,341.742225,0
378,34.453125,342.5910126,0
379,35.4375,341.5687791,0
380,36.421875,340.6107358,0
381,37.40625,340.517777,0
382,38.390625,340.0800438,0
383,39.375,339.3860556,0
384,40.359375,337.848703,0
385,41.34375,335.5626113,0
386,42.328125,332.298177,0
387,43.3125,326.4617941,0
388,44.296875,321.7273392,0
389,45.28125,299.4537781,0
390,46.265625,265.1337577,0
391,47.25,241.715375,0
392,48.234375,140.5120522,0
393,49.21875,96.70723506,0
394,50.203125,76.83832405,0
395,51.1875,66.31322111,0
396,52.171875,60.72650886,0
397,53.15625,51.68489568,0
398,54.140625,47.39255892,0
399,55.125,45.46939621,0
400,56.109375,43.69830084,0
401,57.09375,41.04695801,0
402,58.078125,38.82774758,0
403,59.0625,38.99904873,0
404,60.046875,40.09532141,0
405,61.03125,40.49901291,0
406,62.015625,41.81215776,0
407,0,42.58965185,0
408,0.8873239437,45.34087937,0
409,1.774647887,42.55916189,0
410,2.661971831,42.65880069,0
411,3.549295775,43.39870142,0
412,4.436619718,43.36501493,0
413,5.323943662,44.66676702,0
414,6.211267606,43.84695308,0
415,7.098591549,45.33467756,0
416,7.985915493,48.18193754,0
417,8.873239437,50.38543853,0
418,9.76056338,53.93049795,0
419,10.64788732,59.79388751,0
420,11.53521127,67.40099703,0
421,12.42253521,73.69684684,0
422,13.30985915,81.85875898,0
423,14.1971831,94.07206612,0
424,15.08450704,118.6366502,0
425,15.97183099,264.7511988,0
426,16.85915493,311.33675,0
427,17.74647887,333.3705404,0
428,18.63380282,330.278104,0
429,19.52112676,330.9489925,0
430,20.4084507,332.9832141,0
431,21.29577465,334.7678195,0
432,22.18309859,341.6786732,0
433,23.07042254,342.7651241,0
434,23.95774648,343.7884094,0
435,24.84507042,344.4277288,0
436,25.73239437,346.5165919,0
437,26.61971831,346.1329538,0
438,27.50704225,348.9342056,0
439,28.3943662,349.9488575,0
440,29.28169014,353.1732259,0
441,30.16901408,353.4103428,0
442,31.05633803,353.9208994,0
443,31.94366197,351.1792888,0
444,32.83098592,353.1840723,0
445,33.71830986,354.0991127,0
446,34.6056338,353.6328294,0
447,35.49295775,351.5803029,0
448,36.38028169,350.7729745,0
449,37.26760563,350.860237,0
450,38.15492958,348.8728295,0
451,39.04225352,349.0976247,0
452,39.92957746,345.7913214,0
453,40.81690141,344.642224,0
454,41.70422535,342.3232792,0
455,42.5915493,338.7068752,0
456,43.47887324,343.1907578,0
457,44.36619718,327.6564351,0
458,45.25352113,309.8913043,0
459,46.14084507,144.4342201,0
460,47.02816901,100.9836711,0
461,47.91549296,80.50605367,0
462,48.8028169,66.21008525,0
463,49.69014085,60.75869271,0
464,50.57746479,49.92601268,0
465,51.46478873,44.76105095,0
466,52.35211268,40.40825336,0
467,53.23943662,39.29648981,0
468,54.12676056,41.55006974,0
469,55.01408451,40.39546724,0
470,55.90140845,40.73902576,0
471,56.78873239,40.63517956,0
472,57.67605634,40.16701108,0
473,58.56338028,39.54035488,0
474,59.45070423,40.77497988,0
475,60.33802817,42.40731312,0
476,61.22535211,44.0009875,0
477,62.11267606,44.62064959,0
478,0,44.52994467,0
479,0.875,44.12046117,0
480,1.75,44.91645142,0
481,2.625,44.17523929,0
482,3.5,43.97180893,0
483,4.375,44.24851356,0
484,5.25,45.10575694,0
485,6.125,47.15238214,0
486,7,53.17751058,0
487,7.875,53.56907166,0
488,8.75,59.13368142,0
489,9.625,68.26496132,0
490,10.5,72.04604476,0
491,11.375,83.47418068,0
492,12.25,107.2582108,0
493,13.125,137.6997628,0
494,14,284.4269248,0
495,14.875,320.3980068,0
496,15.75,326.5414614,0
497,16.625,333.8940061,0
498,17.5,332.5266979,0
499,18.375,334.9879702,0
500,19.25,335.9828829,0
501,20.125,341.0988585,0
502,21,342.9332151,0
503,21.875,345.9016289,0
504,22.75,347.4428065,0
505,23.625,350.7695321,0
506,24.5,352.6903999,0
507,25.375,352.9897843,0
508,26.25,353.1405539,0
509,27.125,354.205558,0
510,28,353.8778592,0
511,28.875,354.2571806,0
512,29.75,354.3335421,0
513,30.625,354.6870727,0
514,31.5,356.4869095,0
515,32.375,356.7255427,0
516,33.25,356.7560326,0
517,34.125,356.519923,0
518,35,355.9397804,0
519,35.875,355.177422,0
520,36.75,352.3667991,0
521,37.625,352.5150589,0
522,38.5,350.376431,0
523,39.375,348.5439596,0
524,40.25,347.204942,0
525,41.125,343.6208958,0
526,42,340.5150449,0
527,42.875,334.137547,0
528,43.75,327.7423043,0
529,44.625,307.7523077,0
530,45.5,260.2338756,0
531,46.375,142.0497191,0
532,47.25,95.8773944,0
533,48.125,79.57187504,0
534,49,57.40553428,0
535,49.875,54.23796575,0
536,50.75,49.20865158,0
537,51.625,43.95467882,0
538,52.5,40.2264064,0
539,53.375,37.95402979,0
540,54.25,37.34767291,0
541,55.125,37.86157635,0
542,56,36.74333777,0
543,56.875,37.14323169,0
544,57.75,35.95185545,0
545,58.625,37.25461841,0
546,59.5,39.76345618,0
547,60.375,40.36705366,0
548,61.25,41.71866613,0
549,62.125,42.99317943,0
550,0,43.81580741,0
551,0.9545454545,45.15867725,0
552,1.909090909,45.86377134,0
553,2.863636364,46.32035582,0
554,3.818181818,47.9033751,0
555,4.772727273,51.09856492,0
556,5.727272727,53.9575455,0
557,6.681818182,57.70797505,0
558,7.636363636,65.38349576,0
559,8.590909091,72.57735152,0
560,9.545454545,84.15138027,0
561,10.5,97.93535772,0
562,11.45454545,110.200547,0
563,12.40909091,215.4994697,0
564,13.36363636,287.6404468,0
565,14.31818182,280.5629365,0
566,15.27272727,319.4521485,0
567,16.22727273,333.0268353,0
568,17.18181818,337.7607848,0
569,18.13636364,340.477069,0
570,19.09090909,343.5185523,0
571,20.04545455,344.3164276,0
572,21,348.0866921,0
573,21.95454545,350.917464,0
574,22.90909091,352.4325639,0
575,23.86363636,354.1221887,0
576,24.81818182,354.6157792,0
577,25.77272727,353.6476682,0
578,26.72727273,354.4564309,0
579,27.68181818,353.736324,0
580,28.63636364,354.8495083,0
581,29.59090909,354.3262748,0
582,30.54545455,354.078776,0
583,31.5,354.5004309,0
584,32.45454545,351.9051366,0
585,33.40909091,351.5847598,0
586,34.36363636,351.0461584,0
587,35.31818182,349.8631833,0
588,36.27272727,349.3705627,0
589,37.22727273,346.9287291,0
590,38.18181818,344.7842,0
591,39.13636364,340.8658161,0
592,40.09090909,337.1912426,0
593,41.04545455,334.879046,0
594,42,322.8145687,0
595,42.95454545,299.5934008,0
596,43.90909091,259.824078,0
597,44.86363636,167.6691849,0
598,45.81818182,105.7689563,0
599,46.77272727,84.33803568,0
600,47.72727273,69.48710073,0
601,48.68181818,64.19731046,0
602,49.63636364,53.92874942,0
603,50.59090909,50.10673949,0
604,51.54545455,46.64164792,0
605,52.5,44.44164399,0
606,53.45454545,43.13866246,0
607,54.40909091,42.50790815,0
608,55.36363636,42.42408807,0
609,56.31818182,43.55065947,0
610,57.27272727,45.76683729,0
611,58.22727273,47.20016615,0
612,59.18181818,47.94227986,0
613,60.13636364,47.35373612,0
614,61.09090909,46.36707431,0
615,62.04545455,47.20486532,0
616,0,49.20821444,0
617,0.9402985075,50.9663871,0
618,1.880597015,54.86989485,0
619,2.820895522,57.38941503,0
620,3.76119403,65.00742554,0
621,4.701492537,69.84298091,0
622,5.641791045,78.72586049,0
623,6.582089552,98.57031942,0
624,7.52238806,122.1311662,0
625,8.462686567,190.4088791,0
626,9.402985075,309.0602616,0
627,10.34328358,316.8113925,0
628,11.28358209,337.2099163,0
629,12.2238806,337.7104872,0
630,13.1641791,342.5616291,0
631,14.10447761,343.475727,0
632,15.04477612,346.0209833,0
633,15.98507463,347.2770688,0
634,16.92537313,349.4805288,0
635,17.86567164,350.1104361,0
636,18.80597015,352.1036493,0
637,19.74626866,351.4925932,0
638,20.68656716,351.4352606,0
639,21.62686567,353.341744,0
640,22.56716418,354.3590187,0
641,23.50746269,353.5971111,0
642,24.44776119,352.7129158,0
643,25.3880597,353.2487578,0
644,26.32835821,352.7438292,0
645,27.26865672,353.3152292,0
646,28.20895522,354.0236837,0
647,29.14925373,353.036134,0
648,30.08955224,352.5742766,0
649,31.02985075,352.0496908,0
650,31.97014925,351.6893573,0
651,32.91044776,351.1450459,0
652,33.85074627,349.3757537,0
653,34.79104478,348.048566,0
654,35.73134328,345.2757687,0
655,36.67164179,340.6161727,0
656,37.6119403,338.0976497,0
657,38.55223881,330.075333,0
658,39.49253731,306.6694358,0
659,40.43283582,270.5965157,0
660,41.37313433,144.5123028,0
661,42.31343284,89.35655816,0
662,43.25373134,81.92520306,0
663,44.19402985,73.8802784,0
664,45.13432836,65.1988894,0
665,46.07462687,57.97888768,0
666,47.01492537,48.9539948,0
667,47.95522388,45.82773526,0
668,48.89552239,46.61192294,0
669,49.8358209,46.47728625,0
670,50.7761194,46.35603673,0
671,51.71641791,44.08644683,0
672,52.65671642,44.91227134,0
673,53.59701493,45.31844903,0
674,54.53731343,44.43407614,0
675,55.47761194,42.95148796,0
676,56.41791045,44.82520009,0
677,57.35820896,46.05985241,0
678,58.29850746,46.20372351,0
679,59.23880597,45.50461267,0
680,60.17910448,44.547348,0
681,61.11940299,45.13365143,0
682,62.05970149,45.7086714,0
683,0,45.6608874,0
684,0.8873239437,45.62048,0
685,1.774647887,47.31308284,0
686,2.661971831,49.19225912,0
687,3.549295775,52.91700716,0
688,4.436619718,56.27494672,0
689,5.323943662,59.48185714,0
690,6.211267606,68.35714156,0
691,7.098591549,73.77206089,0
692,7.985915493,84.22020126,0
693,8.873239437,90.68352731,0
694,9.76056338,109.4402923,0
695,10.64788732,241.5055516,0
696,11.53521127,284.5743339,0
697,12.42253521,301.6381272,0
698,13.30985915,325.2534926,0
699,14.1971831,331.6268787,0
700,15.08450704,338.1806775,0
701,15.97183099,339.0078544,0
702,16.85915493,340.7816408,0
703,17.74647887,342.1757234,0
704,18.63380282,345.1972625,0
705,19.52112676,349.6049202,0
706,20.4084507,349.4571832,0
707,21.29577465,350.9063444,0
708,22.18309859,350.5794926,0
709,23.07042254,353.5802405,0
710,23.95774648,354.5579685,0
711,24.84507042,354.4705967,0
712,25.73239437,355.0989058,0
713,26.61971831,355.3147124,0
714,27.50704225,355.2689912,0
715,28.3943662,353.8313046,0
716,29.28169014,352.1117908,0
717,30.16901408,353.4627066,0
718,31.05633803,352.1006167,0
719,31.94366197,350.4992925,0
720,32.83098592,347.2781616,0
721,33.71830986,345.7662036,0
722,34.6056338,345.0674343,0
723,35.49295775,342.1074079,0
724,36.38028169,339.7714968,0
725,37.26760563,333.7711756,0
726,38.15492958,317.5898291,0
727,39.04225352,306.4007362,0
728,39.92957746,236.39392,0
729,40.81690141,134.3125354,0
730,41.70422535,108.1601782,0
731,42.5915493,87.15669083,0
732,43.47887324,70.44799906,0
733,44.36619718,69.0182219,0
734,45.25352113,53.00060868,0
735,46.14084507,50.28355943,0
736,47.02816901,47.67150384,0
737,47.91549296,44.76930182,0
738,48.8028169,46.1043306,0
739,49.69014085,46.47223191,0
740,50.57746479,47.98692198,0
741,51.46478873,47.99091081,0
742,52.35211268,47.32819121,0
743,53.23943662,46.2227934,0
744,54.12676056,46.29308971,0
745,55.01408451,47.17030456,0
746,55.90140845,47.51826172,0
747,56.78873239,47.06566606,0
748,57.67605634,44.21160322,0
749,58.56338028,46.78789593,0
750,59.45070423,45.95666191,0
751,60.33802817,44.8090262,0
752,61.22535211,44.94109474,0
753,62.11267606,43.90145799,0
754,0,41.66872379,0
755,0.9264705882,41.41592483,0
756,1.852941176,41.34136648,0
757,2.779411765,41.29257161,0
758,3.705882353,40.4453003,0
759,4.632352941,42.08449106,0
760,5.558823529,41.31054867,0
761,6.485294118,40.62829473,0
762,7.411764706,39.49431941,0
763,8.338235294,40.2061344,0
764,9.264705882,40.65124417,0
765,10.19117647,43.27933704,0
766,11.11764706,44.62308113,0
767,12.04411765,44.46795388,0
768,12.97058824,47.62205327,0
769,13.89705882,51.34857716,0
770,14.82352941,53.78149055,0
771,15.75,56.99667915,0
772,16.67647059,65.23946073,0
773,17.60294118,77.5425712,0
774,18.52941176,102.581471,0
775,19.45588235,195.7414537,0
776,20.38235294,283.7287292,0
777,21.30882353,308.3525447,0
778,22.23529412,331.45693,0
779,23.16176471,341.5414821,0
780,24.08823529,344.3694946,0
781,25.01470588,343.6868308,0
782,25.94117647,349.3239089,0
783,26.86764706,350.1354993,0
784,27.79411765,349.7476812,0
785,28.72058824,351.8939998,0
786,29.64705882,352.3648321,0
787,30.57352941,354.4668947,0
788,31.5,356.2414462,0
789,32.42647059,355.1145469,0
790,33.35294118,353.8264006,0
791,34.27941176,354.4948302,0
792,35.20588235,355.117207,0
793,36.13235294,354.8533295,0
794,37.05882353,354.9926654,0
795,37.98529412,354.0269486,0
796,38.91176471,353.744411,0
797,39.83823529,353.7587953,0
798,40.76470588,353.2437718,0
799,41.69117647,352.7582683,0
800,42.61764706,350.1922481,0
801,43.54411765,348.5805557,0
802,44.47058824,347.5901783,0
803,45.39705882,346.4483346,0
804,46.32352941,343.821717,0
805,47.25,341.0592334,0
806,48.17647059,333.2178347,0
807,49.10294118,304.422126,0
808,50.02941176,298.0552832,0
809,50.95588235,137.8363666,0
810,51.88235294,85.98697995,0
811,52.80882353,69.79689079,0
812,53.73529412,57.10883086,0
813,54.66176471,51.51506985,0
814,55.58823529,48.29015506,0
815,56.51470588,42.04236246,0
816,57.44117647,40.47628204,0
817,58.36764706,39.74815656,0
818,59.29411765,38.86228102,0
819,60.22058824,38.49733035,0
820,61.14705882,36.54763919,0
821,62.07352941,37.77343958,0
822,0,43.4267052,0
823,1,43.24551394,0
824,2,43.58199638,0
825,3,45.78664484,0
826,4,50.76577078,0
827,5,56.58670388,0
828,6,60.52673948,0
829,7,70.4190937,0
830,8,78.41516884,0
831,9,93.02726574,0
832,10,113.7916146,0
833,11,150.3510764,0
834,12,223.8691562,0
835,13,252.8201288,0
836,14,290.3013792,0
837,15,322.3550062,0
838,16,336.9507926,0
839,17,342.1315048,0
840,18,341.584953,0
841,19,347.3587715,0
842,20,349.4530031,0
843,21,351.3903826,0
844,22,351.1182852,0
845,23,354.1595735,0
846,24,355.3535316,0
847,25,355.6879413,0
848,26,356.0901848,0
849,27,355.4130535,0
850,28,355.1022389,0
851,29,355.145556,0
852,30,353.3552404,0
853,31,356.2954147,0
854,32,353.8929676,0
855,33,354.6641233,0
856,34,354.1111648,0
857,35,353.5526739,0
858,36,353.1582678,0
859,37,349.6679728,0
860,38,346.071769,0
861,39,344.5385591,0
862,40,339.5549115,0
863,41,333.0183795,0
864,42,325.2769748,0
865,43,295.5596414,0
866,44,278.3155174,0
867,45,211.4415724,0
868,46,124.456108,0
869,47,86.2884645,0
870,48,78.89989371,0
871,49,67.14306177,0
872,50,62.08022503,0
873,51,57.89340103,0
874,52,51.71604134,0
875,53,53.17073503,0
876,54,49.42749084,0
877,55,45.02130848,0
878,56,43.14284254,0
879,57,42.67800718,0
880,58,42.54028325,0
881,59,42.75073504,0
882,60,39.37705872,0
883,61,40.70386395,0
884,62,41.32718701,0
885,0,42.98779724,0
886,0.9692307692,42.99186803,0
887,1.938461538,45.02059814,0
888,2.907692308,44.10961483,0
889,3.876923077,43.14756903,0
890,4.846153846,44.59065139,0
891,5.815384615,45.50196255,0
892,6.784615385,49.08696493,0
893,7.753846154,54.67539838,0
894,8.723076923,58.2158406,0
895,9.692307692,62.40102535,0
896,10.66153846,64.82738175,0
897,11.63076923,72.5889082,0
898,12.6,77.5050598,0
899,13.56923077,93.71017538,0
900,14.53846154,104.9062488,0
901,15.50769231,111.0342672,0
902,16.47692308,208.1228927,0
903,17.44615385,287.7495659,0
904,18.41538462,307.3388353,0
905,19.38461538,329.5333438,0
906,20.35384615,337.2256941,0
907,21.32307692,341.3754711,0
908,22.29230769,345.1079236,0
909,23.26153846,346.8093647,0
910,24.23076923,346.4158092,0
911,25.2,347.4068287,0
912,26.16923077,348.8429853,0
913,27.13846154,350.4082187,0
914,28.10769231,352.5428851,0
915,29.07692308,352.4766049,0
916,30.04615385,352.6527282,0
917,31.01538462,353.6918048,0
918,31.98461538,353.8707012,0
919,32.95384615,353.149884,0
920,33.92307692,353.6655769,0
921,34.89230769,353.6868871,0
922,35.86153846,352.5658345,0
923,36.83076923,352.0044476,0
924,37.8,350.6764129,0
925,38.76923077,348.6701405,0
926,39.73846154,349.2732872,0
927,40.70769231,346.1161415,0
928,41.67692308,344.9503102,0
929,42.64615385,342.7788564,0
930,43.61538462,342.4015705,0
931,44.58461538,335.073761,0
932,45.55384615,333.9254696,0
933,46.52307692,324.7897228,0
934,47.49230769,317.2516118,0
935,48.46153846,286.1235438,0
936,49.43076923,252.706652,0
937,50.4,147.7643198,0
938,51.36923077,96.65532563,0
939,52.33846154,80.19213818,0
940,53.30769231,69.99892779,0
941,54.27692308,60.55105496,0
942,55.24615385,54.37995172,0
943,56.21538462,51.14992794,0
944,57.18461538,49.09945051,0
945,58.15384615,48.3666805,0
946,59.12307692,48.22021392,0
947,60.09230769,47.12470622,0
948,61.06153846,46.03447142,0
949,62.03076923,44.335175,0
950,0,44.44590603,0
951,0.875,45.94737285,0
952,1.75,47.75797404,0
953,2.625,51.10487601,0
954,3.5,49.87855653,0
955,4.375,49.58341039,0
956,5.25,48.32870464,0
957,6.125,48.20647158,0
958,7,48.26827113,0
959,7.875,50.93912098,0
960,8.75,54.32621179,0
961,9.625,53.92954173,0
962,10.5,60.11121809,0
963,11.375,62.49899759,0
964,12.25,67.23570646,0
965,13.125,77.69116879,0
966,14,84.99843301,0
967,14.875,103.2134274,0
968,15.75,114.8036027,0
969,16.625,185.2323607,0
970,17.5,260.8621711,0
971,18.375,299.5522831,0
972,19.25,318.5139674,0
973,20.125,323.6256263,0
974,21,325.9592287,0
975,21.875,328.2138878,0
976,22.75,334.4038014,0
977,23.625,336.1449396,0
978,24.5,340.4905791,0
979,25.375,341.7585081,0
980,26.25,344.5035338,0
981,27.125,348.0261629,0
982,28,351.7246967,0
983,28.875,353.8181051,0
984,29.75,352.2522569,0
985,30.625,347.730658,0
986,31.5,346.7841577,0
987,32.375,347.8367445,0
988,33.25,348.7167324,0
989,34.125,348.6151128,0
990,35,349.3566392,0
991,35.875,349.0036823,0
992,36.75,349.3566938,0
993,37.625,349.7807393,0
994,38.5,349.3774612,0
995,39.375,348.4004163,0
996,40.25,348.1791728,0
997,41.125,345.2037239,0
998,42,343.6273162,0
999,42.875,336.4677207,0
1000,43.75,332.5148716,0
1001,44.625,330.4677956,0
1002,45.5,320.6054259,0
1003,46.375,295.6178482,0
1004,47.25,271.7484544,0
1005,48.125,119.8465773,0
1006,49,90.08361814,0
1007,49.875,77.38419277,0
1008,50.75,68.76066913,0
1009,51.625,57.06285003,0
1010,52.5,51.82685433,0
1011,53.375,48.13724078,0
1012,54.25,47.19451075,0
1013,55.125,48.46675643,0
1014,56,48.98811843,0
1015,56.875,47.88471503,0
1016,57.75,46.10984939,0
1017,58.625,44.55497049,0
1018,59.5,43.57030309,0
1019,60.375,43.32862368,0
1020,61.25,43.37791033,0
1021,62.125,44.60163434,0
1022,0,46.52807553,0
1023,0.9402985075,47.52394444,0
1024,1.880597015,49.06057307,0
1025,2.820895522,51.42663256,0
1026,3.76119403,52.47167883,0
1027,4.701492537,52.82499085,0
1028,5.641791045,54.09802883,0
1029,6.582089552,57.19079313,0
1030,7.52238806,58.69411777,0
1031,8.462686567,61.33240128,0
1032,9.402985075,68.35348057,0
1033,10.34328358,68.79309887,0
1034,11.28358209,80.15151221,0
1035,12.2238806,89.55591772,0
1036,13.1641791,96.06965057,0
1037,14.10447761,108.7088883,0
1038,15.04477612,115.4903099,0
1039,15.98507463,209.0639835,0
1040,16.92537313,292.858083,0
1041,17.86567164,316.2979398,0
1042,18.80597015,339.841998,0
1043,19.74626866,343.0909551,0
1044,20.68656716,346.2907485,0
1045,21.62686567,349.1164797,0
1046,22.56716418,353.8329439,0
1047,23.50746269,353.7282507,0
1048,24.44776119,354.81533,0
1049,25.3880597,358.0931888,0
1050,26.32835821,358.9644513,0
1051,27.26865672,356.6066291,0
1052,28.20895522,357.9228885,0
1053,29.14925373,356.0561295,0
1054,30.08955224,356.5295162,0
1055,31.02985075,356.5700702,0
1056,31.97014925,356.8059167,0
1057,32.91044776,357.0050577,0
1058,33.85074627,356.4097111,0
1059,34.79104478,356.8010809,0
1060,35.73134328,355.8493077,0
1061,36.67164179,355.6005386,0
1062,37.6119403,354.7562725,0
1063,38.55223881,354.1429489,0
1064,39.49253731,351.9276316,0
1065,40.43283582,351.7590489,0
1066,41.37313433,352.7774574,0
1067,42.31343284,353.3759769,0
1068,43.25373134,349.917333,0
1069,44.19402985,347.3546187,0
1070,45.13432836,339.9765528,0
1071,46.07462687,339.259902,0
1072,47.01492537,327.6333491,0
1073,47.95522388,301.9198315,0
1074,48.89552239,277.4588887,0
1075,49.8358209,178.2001072,0
1076,50.7761194,101.2254872,0
1077,51.71641791,78.39189156,0
1078,52.65671642,63.82689564,0
1079,53.59701493,62.88900139,0
1080,54.53731343,54.49860577,0
1081,55.47761194,50.07980122,0
1082,56.41791045,49.31053068,0
1083,57.35820896,44.79298892,0
1084,58.29850746,45.04070622,0
1085,59.23880597,45.40166806,0
1086,60.17910448,48.08199821,0
1087,61.11940299,45.34426715,0
1088,62.05970149,45.07474788,0
1089,0,46.98105368,0
1090,0.9692307692,47.32138835,0
1091,1.938461538,47.46211756,0
1092,2.907692308,48.9755782,0
1093,3.876923077,49.89978476,0
1094,4.846153846,50.04114235,0
1095,5.815384615,51.67475968,0
1096,6.784615385,54.60619491,0
1097,7.753846154,57.94659454,0
1098,8.723076923,61.82633324,0
1099,9.692307692,68.35913597,0
1100,10.66153846,86.35671175,0
1101,11.63076923,94.10124469,0
1102,12.6,114.9346604,0
1103,13.56923077,164.7286792,0
1104,14.53846154,231.1298385,0
1105,15.50769231,309.032613,0
1106,16.47692308,333.2551139,0
1107,17.44615385,342.940527,0
1108,18.41538462,345.2751403,0
1109,19.38461538,346.6783754,0
1110,20.35384615,347.5554673,0
1111,21.32307692,350.6068953,0
1112,22.29230769,351.7137138,0
1113,23.26153846,355.4486934,0
1114,24.23076923,355.9296854,0
1115,25.2,356.8369977,0
1116,26.16923077,356.27516,0
1117,27.13846154,358.2437298,0
1118,28.10769231,357.1711305,0
1119,29.07692308,356.5625607,0
1120,30.04615385,356.0302021,0
1121,31.01538462,356.0014297,0
1122,31.98461538,355.4737602,0
1123,32.95384615,352.9410305,0
1124,33.92307692,353.9718699,0
1125,34.89230769,352.4339572,0
1126,35.86153846,353.5648316,0
1127,36.83076923,351.755897,0
1128,37.8,348.8343382,0
1129,38.76923077,346.9418567,0
1130,39.73846154,347.0619315,0
1131,40.70769231,346.7804184,0
1132,41.67692308,344.7541745,0
1133,42.64615385,340.3846976,0
1134,43.61538462,337.7629841,0
1135,44.58461538,331.9469004,0
1136,45.55384615,320.5576283,0
1137,46.52307692,294.1564609,0
1138,47.49230769,283.2811059,0
1139,48.46153846,139.4444664,0
1140,49.43076923,96.34963368,0
1141,50.4,81.96304231,0
1142,51.36923077,69.09477466,0
1143,52.33846154,59.31203132,0
1144,53.30769231,56.62071822,0
1145,54.27692308,53.40733278,0
1146,55.24615385,49.37287664,0
1147,56.21538462,48.54098692,0
1148,57.18461538,47.03725248,0
1149,58.15384615,46.56310074,0
1150,59.12307692,47.20161415,0
1151,60.09230769,49.77039365,0
1152,61.06153846,50.98687767,0
1153,62.03076923,51.39731739,0
1154,0,49.60267153,0
1155,0.8289473684,50.60157303,0
1156,1.657894737,50.35765332,0
1157,2.486842105,50.27235792,0
1158,3.315789474,51.27901852,0
1159,4.144736842,51.61036465,0
1160,4.973684211,52.92596837,0
1161,5.802631579,53.2007059,0
1162,6.631578947,54.41926629,0
1163,7.460526316,52.80900821,0
1164,8.289473684,54.43180652,0
1165,9.118421053,54.90043946,0
1166,9.947368421,57.75608691,0
1167,10.77631579,60.14061523,0
1168,11.60526316,65.08389634,0
1169,12.43421053,69.95554242,0
1170,13.26315789,77.96538723,0
1171,14.09210526,83.63520922,0
1172,14.92105263,94.23508907,0
1173,15.75,113.402485,0
1174,16.57894737,159.5814213,0
1175,17.40789474,235.9880155,0
1176,18.23684211,301.392418,0
1177,19.06578947,317.1749634,0
1178,19.89473684,338.3906648,0
1179,20.72368421,347.2243397,0
1180,21.55263158,348.6927621,0
1181,22.38157895,348.8191069,0
1182,23.21052632,347.8687134,0
1183,24.03947368,350.2535423,0
1184,24.86842105,350.4407851,0
1185,25.69736842,351.1027807,0
1186,26.52631579,350.175883,0
1187,27.35526316,351.7400646,0
1188,28.18421053,351.5905245,0
1189,29.01315789,350.8177705,0
1190,29.84210526,352.2347343,0
1191,30.67105263,352.246933,0
1192,31.5,352.3244829,0
1193,32.32894737,352.5335414,0
1194,33.15789474,353.179568,0
1195,33.98684211,352.5869534,0
1196,34.81578947,353.4320254,0
1197,35.64473684,353.4831972,0
1198,36.47368421,352.9563028,0
1199,37.30263158,352.3908314,0
1200,38.13157895,351.7593941,0
1201,38.96052632,350.024526,0
1202,39.78947368,350.2383246,0
1203,40.61842105,350.0094176,0
1204,41.44736842,348.4492522,0
1205,42.27631579,347.3122033,0
1206,43.10526316,345.1967297,0
1207,43.93421053,342.1526101,0
1208,44.76315789,336.4037901,0
1209,45.59210526,332.9507333,0
1210,46.42105263,319.5152458,0
1211,47.25,303.0334529,0
1212,48.07894737,269.9374981,0
1213,48.90789474,197.6791783,0
1214,49.73684211,113.9094217,0
1215,50.56578947,93.98469434,0
1216,51.39473684,79.83475536,0
1217,52.22368421,68.11535286,0
1218,53.05263158,59.79653762,0
1219,53.88157895,53.11732295,0
1220,54.71052632,52.33155067,0
1221,55.53947368,47.68549207,0
1222,56.36842105,46.2284488,0
1223,57.19736842,46.25467672,0
1224,58.02631579,45.2682608,0
1225,58.85526316,44.62690604,0
1226,59.68421053,44.91792674,0
1227,60.51315789,44.04065724,0
1228,61.34210526,45.69468317,0
1229,62.17105263,46.09572456,0
1230,0,44.54221169,0
1231,0.8513513514,44.38588232,0
1232,1.702702703,44.11046178,0
1233,2.554054054,43.70696152,0
1234,3.405405405,44.67485397,0
1235,4.256756757,45.51335531,0
1236,5.108108108,46.5086778,0
1237,5.959459459,48.5443747,0
1238,6.810810811,49.7705849,0
1239,7.662162162,52.55872276,0
1240,8.513513514,56.9356719,0
1241,9.364864865,60.36068392,0
1242,10.21621622,62.91184154,0
1243,11.06756757,68.65909056,0
1244,11.91891892,75.86794542,0
1245,12.77027027,80.82018773,0
1246,13.62162162,95.58039045,0
1247,14.47297297,121.0313692,0
1248,15.32432432,202.815945,0
1249,16.17567568,280.9025335,0
1250,17.02702703,313.6266119,0
1251,17.87837838,324.7642871,0
1252,18.72972973,331.9066433,0
1253,19.58108108,336.4577213,0
1254,20.43243243,339.4252472,0
1255,21.28378378,340.2547737,0
1256,22.13513514,349.1692497,0
1257,22.98648649,352.4755667,0
1258,23.83783784,352.821239,0
1259,24.68918919,353.042701,0
1260,25.54054054,354.6954429,0
1261,26.39189189,354.7326164,0
1262,27.24324324,355.6482989,0
1263,28.09459459,357.5793573,0
1264,28.94594595,356.0316364,0
1265,29.7972973,356.432227,0
1266,30.64864865,356.0818383,0
1267,31.5,356.5368072,0
1268,32.35135135,355.395428,0
1269,33.2027027,357.6253618,0
1270,34.05405405,357.5573231,0
1271,34.90540541,356.5055696,0
1272,35.75675676,356.1594429,0
1273,36.60810811,356.6574047,0
1274,37.45945946,355.1657324,0
1275,38.31081081,354.1354256,0
1276,39.16216216,352.9414129,0
1277,40.01351351,352.6947338,0
1278,40.86486486,348.3529875,0
1279,41.71621622,344.2661575,0
1280,42.56756757,339.6403982,0
1281,43.41891892,336.2107143,0
1282,44.27027027,318.6887792,0
1283,45.12162162,268.4874489,0
1284,45.97297297,247.1178634,0
1285,46.82432432,164.3971145,0
1286,47.67567568,113.567557,0
1287,48.52702703,92.56997092,0
1288,49.37837838,74.05116974,0
1289,50.22972973,66.22008465,0
1290,51.08108108,61.63216462,0
1291,51.93243243,52.85012595,0
1292,52.78378378,51.93280422,0
1293,53.63513514,45.89737587,0
1294,54.48648649,45.38336315,0
1295,55.33783784,43.9713718,0
1296,56.18918919,43.24431183,0
1297,57.04054054,41.75994779,0
1298,57.89189189,43.57079487,0
1299,58.74324324,45.13550925,0
1300,59.59459459,45.70771517,0
1301,60.44594595,46.93430786,0
1302,61.2972973,47.88299382,0
1303,62.14864865,47.87468831,0
1304,0,46.11774509,0
1305,0.8630136986,46.32811492,0
1306,1.726027397,46.61367146,0
1307,2.589041096,45.91182855,0
1308,3.452054795,46.65763056,0
1309,4.315068493,48.03593542,0
1310,5.178082192,48.90806861,0
1311,6.04109589,50.21932833,0
1312,6.904109589,52.47766207,0
1313,7.767123288,54.8067839,0
1314,8.630136986,59.23525999,0
1315,9.493150685,61.03424986,0
1316,10.35616438,67.64699313,0
1317,11.21917808,72.25207059,0
1318,12.08219178,86.4818135,0
1319,12.94520548,116.8788601,0
1320,13.80821918,173.3426132,0
1321,14.67123288,240.4335397,0
1322,15.53424658,303.7926694,0
1323,16.39726027,314.577784,0
1324,17.26027397,318.9791579,0
1325,18.12328767,328.0487475,0
1326,18.98630137,335.3675001,0
1327,19.84931507,339.952251,0
1328,20.71232877,342.0347893,0
1329,21.57534247,343.5399581,0
1330,22.43835616,345.3625667,0
1331,23.30136986,348.0099344,0
1332,24.16438356,347.1683731,0
1333,25.02739726,348.6594034,0
1334,25.89041096,348.2428302,0
1335,26.75342466,348.4172049,0
1336,27.61643836,349.2368686,0
1337,28.47945205,349.08405,0
1338,29.34246575,349.7811391,0
1339,30.20547945,350.2197465,0
1340,31.06849315,350.4666578,0
1341,31.93150685,349.4353129,0
1342,32.79452055,350.0102099,0
1343,33.65753425,353.1514549,0
1344,34.52054795,353.0181706,0
1345,35.38356164,353.0160533,0
1346,36.24657534,353.0801614,0
1347,37.10958904,351.1725032,0
1348,37.97260274,351.4576227,0
1349,38.83561644,348.3778084,0
1350,39.69863014,346.3776012,0
1351,40.56164384,342.1251937,0
1352,41.42465753,339.1677491,0
1353,42.28767123,330.76969,0
1354,43.15068493,318.8484008,0
1355,44.01369863,314.8357193,0
1356,44.87671233,278.6265232,0
1357,45.73972603,253.8832204,0
1358,46.60273973,192.2043446,0
1359,47.46575342,131.3596807,0
1360,48.32876712,93.72214187,0
1361,49.19178082,71.5909356,0
1362,50.05479452,62.94815083,0
1363,50.91780822,60.72970538,0
1364,51.78082192,55.25069156,0
1365,52.64383562,53.08287148,0
1366,53.50684932,47.54159364,0
1367,54.36986301,44.46188867,0
1368,55.23287671,45.39393628,0
1369,56.09589041,45.24468299,0
1370,56.95890411,45.53731561,0
1371,57.82191781,45.36620571,0
1372,58.68493151,45.32672722,0
1373,59.54794521,45.06496705,0
1374,60.4109589,45.44682927,0
1375,61.2739726,45.46852195,0
1376,62.1369863,44.87683632,0
1377,0,43.92050055,0
1378,0.8630136986,43.66368544,0
1379,1.726027397,41.6135905,0
1380,2.589041096,43.30305145,0
1381,3.452054795,45.00043542,0
1382,4.315068493,46.52509757,0
1383,5.178082192,50.58299492,0
1384,6.04109589,51.17498108,0
1385,6.904109589,56.59293301,0
1386,7.767123288,55.82819771,0
1387,8.630136986,58.57021813,0
1388,9.493150685,64.68864695,0
1389,10.35616438,72.02049986,0
1390,11.21917808,94.08345888,0
1391,12.08219178,121.648791,0
1392,12.94520548,180.3041879,0
1393,13.80821918,248.4063376,0
1394,14.67123288,284.1854776,0
1395,15.53424658,310.9378396,0
1396,16.39726027,332.8006877,0
1397,17.26027397,342.4367869,0
1398,18.12328767,342.0415202,0
1399,18.98630137,342.5993864,0
1400,19.84931507,347.0262333,0
1401,20.71232877,350.4297848,0
1402,21.57534247,353.6836323,0
1403,22.43835616,352.6341191,0
1404,23.30136986,353.1386278,0
1405,24.16438356,354.1158913,0
1406,25.02739726,354.5258802,0
1407,25.89041096,354.5248147,0
1408,26.75342466,352.9716434,0
1409,27.61643836,352.9336948,0
1410,28.47945205,354.1717486,0
1411,29.34246575,353.9191272,0
1412,30.20547945,354.1038565,0
1413,31.06849315,354.5491575,0
1414,31.93150685,354.2739829,0
1415,32.79452055,353.729767,0
1416,33.65753425,351.498071,0
1417,34.52054795,353.419171,0
1418,35.38356164,351.3170164,0
1419,36.24657534,351.8293489,0
1420,37.10958904,350.9351542,0
1421,37.97260274,348.2828414,0
1422,38.83561644,343.6478204,0
1423,39.69863014,337.567026,0
1424,40.56164384,333.0820369,0
1425,41.42465753,331.5469382,0
1426,42.28767123,323.2655387,0
1427,43.15068493,291.9416628,0
1428,44.01369863,270.3375149,0
1429,44.87671233,196.2297302,0
1430,45.73972603,132.7632573,0
1431,46.60273973,97.29132552,0
1432,47.46575342,89.8498071,0
1433,48.32876712,74.87420753,0
1434,49.19178082,64.07846517,0
1435,50.05479452,62.73595051,0
1436,50.91780822,55.07425411,0
1437,51.78082192,51.02346016,0
1438,52.64383562,47.08093837,0
1439,53.50684932,47.73920468,0
1440,54.36986301,46.30748774,0
1441,55.23287671,44.59215404,0
1442,56.09589041,44.08070947,0
1443,56.95890411,44.54852279,0
1444,57.82191781,44.5663086,0
1445,58.68493151,41.5039523,0
1446,59.54794521,41.98422389,0
1447,60.4109589,41.83658252,0
1448,61.2739726,41.49627517,0
1449,62.1369863,41.32478278,0
1450,0,41.29798112,0
1451,0.84,41.20959847,0
1452,1.68,42.17418511,0
1453,2.52,43.4801446,0
1454,3.36,45.75727503,0
1455,4.2,49.37935166,0
1456,5.04,51.58757914,0
1457,5.88,54.36151021,0
1458,6.72,56.3001911,0
1459,7.56,59.65523467,0
1460,8.4,66.80392922,0
1461,9.24,78.52693806,0
1462,10.08,91.97041691,0
1463,10.92,105.400454,0
1464,11.76,141.684905,0
1465,12.6,220.8093134,0
1466,13.44,279.0808264,0
1467,14.28,305.2087452,0
1468,15.12,324.2983863,0
1469,15.96,335.412074,0
1470,16.8,340.1507772,0
1471,17.64,339.9161193,0
1472,18.48,345.7347711,0
1473,19.32,348.7291397,0
1474,20.16,349.3590743,0
1475,21,352.5291974,0
1476,21.84,353.9247006,0
1477,22.68,353.4253592,0
1478,23.52,355.5764453,0
1479,24.36,355.6983368,0
1480,25.2,355.6485994,0
1481,26.04,355.3162697,0
1482,26.88,355.2883889,0
1483,27.72,354.2479189,0
1484,28.56,352.8039895,0
1485,29.4,354.6630987,0
1486,30.24,353.1705521,0
1487,31.08,352.2969709,0
1488,31.92,353.0052889,0
1489,32.76,353.6156892,0
1490,33.6,353.3405692,0
1491,34.44,353.5938599,0
1492,35.28,352.7600714,0
1493,36.12,353.1421249,0
1494,36.96,353.6862178,0
1495,37.8,352.0476281,0
1496,38.64,350.2809723,0
1497,39.48,349.6824701,0
1498,40.32,346.6592235,0
1499,41.16,341.6949191,0
1500,42,334.1968877,0
1501,42.84,307.2733202,0
1502,43.68,286.8418474,0
1503,44.52,249.3130315,0
1504,45.36,133.8534101,0
1505,46.2,106.9017842,0
1506,47.04,90.34578812,0
1507,47.88,76.70016298,0
1508,48.72,69.05294659,0
1509,49.56,56.85226163,0
1510,50.4,55.06988279,0
1511,51.24,52.54030857,0
1512,52.08,50.95373759,0
1513,52.92,50.17127112,0
1514,53.76,51.01807797,0
1515,54.6,50.78746346,0
1516,55.44,49.81615592,0
1517,56.28,49.77561192,0
1518,57.12,49.10144493,0
1519,57.96,49.15346365,0
1520,58.8,49.32607619,0
1521,59.64,47.4770347,0
1522,60.48,47.72614536,0
1523,61.32,47.12907754,0
1524,62.16,48.58374391,0
1525,0,49.46054895,0
1526,0.9402985075,50.53037514,0
1527,1.880597015,50.86213109,0
1528,2.820895522,52.94645894,0
1529,3.76119403,53.77739243,0
1530,4.701492537,56.3317739,0
1531,5.641791045,57.95118443,0
1532,6.582089552,59.22531524,0
1533,7.52238806,66.35078715,0
1534,8.462686567,74.97687894,0
1535,9.402985075,81.45558657,0
1536,10.34328358,96.81681862,0
1537,11.28358209,119.122222,0
1538,12.2238806,178.4448465,0
1539,13.1641791,273.3414321,0
1540,14.10447761,312.7673741,0
1541,15.04477612,335.0560025,0
1542,15.98507463,335.4983766,0
1543,16.92537313,331.6875818,0
1544,17.86567164,334.0805386,0
1545,18.80597015,338.3387107,0
1546,19.74626866,339.4774262,0
1547,20.68656716,342.2679137,0
1548,21.62686567,346.8643714,0
1549,22.56716418,347.9106608,0
1550,23.50746269,349.713175,0
1551,24.44776119,350.6804118,0
1552,25.3880597,351.9967941,0
1553,26.32835821,352.4486421,0
1554,27.26865672,355.2384602,0
1555,28.20895522,355.3578346,0
1556,29.14925373,355.3792131,0
1557,30.08955224,355.6669553,0
1558,31.02985075,355.7105319,0
1559,31.97014925,355.3259376,0
1560,32.91044776,356.4775622,0
1561,33.85074627,355.5055306,0
1562,34.79104478,355.0483861,0
1563,35.73134328,352.8786262,0
1564,36.67164179,352.226712,0
1565,37.6119403,351.4710745,0
1566,38.55223881,347.2329967,0
1567,39.49253731,346.5385987,0
1568,40.43283582,340.0446088,0
1569,41.37313433,331.8140532,0
1570,42.31343284,328.4282192,0
1571,43.25373134,319.598697,0
1572,44.19402985,281.2167768,0
1573,45.13432836,153.0472799,0
1574,46.07462687,102.6660287,0
1575,47.01492537,78.92792481,0
1576,47.95522388,66.57782263,0
1577,48.89552239,59.5280019,0
1578,49.8358209,52.22852409,0
1579,50.7761194,54.12059578,0
1580,51.71641791,48.82728113,0
1581,52.65671642,47.34466563,0
1582,53.59701493,46.79923404,0
1583,54.53731343,46.722572,0
1584,55.47761194,46.4909193,0
1585,56.41791045,46.46362587,0
1586,57.35820896,46.34652911,0
1587,58.29850746,47.94279896,0
1588,59.23880597,48.92222076,0
1589,60.17910448,45.94382115,0
1590,61.11940299,45.88508153,0
1591,62.05970149,46.84491435,0
1592,0,46.33917982,0
1593,0.9692307692,47.29964102,0
1594,1.938461538,50.8734692,0
1595,2.907692308,52.57533378,0
1596,3.876923077,54.02959034,0
1597,4.846153846,55.96799802,0
1598,5.815384615,58.94514088,0
1599,6.784615385,60.96980019,0
1600,7.753846154,67.01689452,0
1601,8.723076923,75.59826223,0
1602,9.692307692,99.32459087,0
1603,10.66153846,132.2499003,0
1604,11.63076923,195.4880263,0
1605,12.6,299.4413198,0
1606,13.56923077,322.996962,0
1607,14.53846154,340.3452874,0
1608,15.50769231,341.1011981,0
1609,16.47692308,344.902171,0
1610,17.44615385,347.8517062,0
1611,18.41538462,351.9299985,0
1612,19.38461538,353.5887783,0
1613,20.35384615,355.9527204,0
1614,21.32307692,356.455354,0
1615,22.29230769,357.1977956,0
1616,23.26153846,356.9356393,0
1617,24.23076923,356.4768281,0
1618,25.2,355.2474624,0
1619,26.16923077,355.7389901,0
1620,27.13846154,353.5597363,0
1621,28.10769231,353.9720475,0
1622,29.07692308,355.421277,0
1623,30.04615385,355.670415,0
1624,31.01538462,355.926028,0
1625,31.98461538,354.2109675,0
1626,32.95384615,355.2220404,0
1627,33.92307692,353.4900547,0
1628,34.89230769,352.0697715,0
1629,35.86153846,351.7548725,0
1630,36.83076923,352.3109318,0
1631,37.8,346.3252409,0
1632,38.76923077,347.7970511,0
1633,39.73846154,342.1952714,0
1634,40.70769231,336.7528401,0
1635,41.67692308,327.5240114,0
1636,42.64615385,311.4498852,0
1637,43.61538462,290.5904602,0
1638,44.58461538,168.3209489,0
1639,45.55384615,102.5876728,0
1640,46.52307692,84.12242027,0
1641,47.49230769,68.41191967,0
1642,48.46153846,63.23264187,0
1643,49.43076923,57.60639648,0
1644,50.4,53.47484237,0
1645,51.36923077,51.15984538,0
1646,52.33846154,48.59218602,0
1647,53.30769231,47.52714096,0
1648,54.27692308,45.94556968,0
1649,55.24615385,43.76963534,0
1650,56.21538462,42.9466795,0
1651,57.18461538,44.09215687,0
1652,58.15384615,45.32246518,0
1653,59.12307692,45.62646324,0
1654,60.09230769,45.72132091,0
1655,61.06153846,46.01187716,0
1656,62.03076923,45.43368798,0
1657,0,37.97356413,0
1658,0.9402985075,35.76705785,0
1659,1.880597015,36.03160474,0
1660,2.820895522,35.21741887,0
1661,3.76119403,33.67934223,0
1662,4.701492537,34.54226833,0
1663,5.641791045,34.8254753,0
1664,6.582089552,35.9174313,0
1665,7.52238806,36.21416204,0
1666,8.462686567,37.36761706,0
1667,9.402985075,39.54453496,0
1668,10.34328358,41.66817737,0
1669,11.28358209,43.77408862,0
1670,12.2238806,48.552407,0
1671,13.1641791,54.01497373,0
1672,14.10447761,61.24035765,0
1673,15.04477612,65.87442243,0
1674,15.98507463,77.5665315,0
1675,16.92537313,92.968772,0
1676,17.86567164,148.169432,0
1677,18.80597015,252.7421417,0
1678,19.74626866,304.3924966,0
1679,20.68656716,331.9654512,0
1680,21.62686567,343.9994759,0
1681,22.56716418,347.1922205,0
1682,23.50746269,350.1215247,0
1683,24.44776119,352.8160926,0
1684,25.3880597,353.2786567,0
1685,26.32835821,355.9979363,0
1686,27.26865672,355.3674515,0
1687,28.20895522,355.2260393,0
1688,29.14925373,357.8976678,0
1689,30.08955224,356.3796719,0
1690,31.02985075,356.332407,0
1691,31.97014925,356.1086227,0
1692,32.91044776,355.6939892,0
1693,33.85074627,356.0101996,0
1694,34.79104478,357.1549257,0
1695,35.73134328,354.024568,0
1696,36.67164179,354.7380086,0
1697,37.6119403,355.3029062,0
1698,38.55223881,354.6999098,0
1699,39.49253731,357.0562978,0
1700,40.43283582,356.9300759,0
1701,41.37313433,357.0375184,0
1702,42.31343284,354.1369693,0
1703,43.25373134,353.1753059,0
1704,44.19402985,350.5347821,0
1705,45.13432836,348.3453513,0
1706,46.07462687,346.5200379,0
1707,47.01492537,344.9675906,0
1708,47.95522388,344.3352107,0
1709,48.89552239,334.9826736,0
1710,49.8358209,306.9327259,0
1711,50.7761194,279.0803893,0
1712,51.71641791,135.5762843,0
1713,52.65671642,72.90061071,0
1714,53.59701493,64.80049813,0
1715,54.53731343,57.4258336,0
1716,55.47761194,49.47797959,0
1717,56.41791045,44.81987254,0
1718,57.35820896,45.25432722,0
1719,58.29850746,37.2939603,0
1720,59.23880597,37.04012315,0
1721,60.17910448,36.8302451,0
1722,61.11940299,37.08555757,0
1723,62.05970149,37.96793605,0
1724,0,36.92171499,0
1725,0.7682926829,38.34641049,0
1726,1.536585366,38.4180182,0
1727,2.304878049,37.58705738,0
1728,3.073170732,36.95993673,0
1729,3.841463415,37.57017315,0
1730,4.609756098,38.16860701,0
1731,5.37804878,38.91181355,0
1732,6.146341463,39.39910657,0
1733,6.914634146,39.49139608,0
1734,7.682926829,40.32047177,0
1735,8.451219512,41.99367687,0
1736,9.219512195,44.65286076,0
1737,9.987804878,45.88568258,0
1738,10.75609756,47.94807186,0
1739,11.52439024,52.81272383,0
1740,12.29268293,54.8154719,0
1741,13.06097561,65.2130962,0
1742,13.82926829,72.89979109,0
1743,14.59756098,87.09453611,0
1744,15.36585366,105.1418357,0
1745,16.13414634,195.4641207,0
1746,16.90243902,297.2596481,0
1747,17.67073171,314.4236676,0
1748,18.43902439,336.1543243,0
1749,19.20731707,345.110775,0
1750,19.97560976,348.9587533,0
1751,20.74390244,347.7141289,0
1752,21.51219512,352.0450189,0
1753,22.2804878,355.5196691,0
1754,23.04878049,353.477224,0
1755,23.81707317,354.74865,0
1756,24.58536585,353.3278614,0
1757,25.35365854,354.8018026,0
1758,26.12195122,355.440193,0
1759,26.8902439,355.301185,0
1760,27.65853659,356.5211798,0
1761,28.42682927,357.1248729,0
1762,29.19512195,355.1882856,0
1763,29.96341463,355.3808833,0
1764,30.73170732,352.3669394,0
1765,31.5,352.3512983,0
1766,32.26829268,352.6375925,0
1767,33.03658537,353.8242659,0
1768,33.80487805,350.1331124,0
1769,34.57317073,349.6685366,0
1770,35.34146341,347.5800286,0
1771,36.1097561,347.2841722,0
1772,36.87804878,345.0081072,0
1773,37.64634146,343.6318105,0
1774,38.41463415,339.8252504,0
1775,39.18292683,336.1956196,0
1776,39.95121951,331.7506144,0
1777,40.7195122,331.7876887,0
1778,41.48780488,324.2075584,0
1779,42.25609756,317.2895467,0
1780,43.02439024,296.2200114,0
1781,43.79268293,264.2905709,0
1782,44.56097561,177.0365981,0
1783,45.32926829,94.47420034,0
1784,46.09756098,80.61834198,0
1785,46.86585366,71.3634903,0
1786,47.63414634,58.7233783,0
1787,48.40243902,53.92287546,0
1788,49.17073171,49.03817005,0
1789,49.93902439,44.13709951,0
1790,50.70731707,42.0584817,0
1791,51.47560976,43.02443438,0
1792,52.24390244,41.12034156,0
1793,53.01219512,39.95784336,0
1794,53.7804878,39.42339472,0
1795,54.54878049,39.48940167,0
1796,55.31707317,38.4081554,0
1797,56.08536585,37.26494566,0
1798,56.85365854,37.90028986,0
1799,57.62195122,37.80261815,0
1800,58.3902439,37.01853976,0
1801,59.15853659,36.27008763,0
1802,59.92682927,36.11241954,0
1803,60.69512195,36.44933911,0
1804,61.46341463,38.06986979,0
1805,62.23170732,39.2716006,0
1806,0,38.91337084,0
1807,0.9545454545,41.12301899,0
1808,1.909090909,44.06292366,0
1809,2.863636364,47.93503986,0
1810,3.818181818,50.6637824,0
1811,4.772727273,52.94312581,0
1812,5.727272727,57.2655154,0
1813,6.681818182,63.20482934,0
1814,7.636363636,74.01057109,0
1815,8.590909091,85.3206267,0
1816,9.545454545,91.32176751,0
1817,10.5,165.2944101,0
1818,11.45454545,276.301841,0
1819,12.40909091,301.6313244,0
1820,13.36363636,320.7337379,0
1821,14.31818182,332.8477614,0
1822,15.27272727,336.3227704,0
1823,16.22727273,341.3425086,0
1824,17.18181818,345.8627688,0
1825,18.13636364,346.9701884,0
1826,19.09090909,348.7544797,0
1827,20.04545455,349.6116957,0
1828,21,353.8412357,0
1829,21.95454545,355.2100193,0
1830,22.90909091,355.6999351,0
1831,23.86363636,355.0090032,0
1832,24.81818182,353.7492704,0
1833,25.77272727,354.1930005,0
1834,26.72727273,353.5741717,0
1835,27.68181818,353.7923416,0
1836,28.63636364,353.4568154,0
1837,29.59090909,353.4873873,0
1838,30.54545455,353.2614173,0
1839,31.5,353.3908631,0
1840,32.45454545,352.8918221,0
1841,33.40909091,351.9171268,0
1842,34.36363636,352.8533135,0
1843,35.31818182,350.73268,0
1844,36.27272727,349.3085446,0
1845,37.22727273,347.3326528,0
1846,38.18181818,345.5727453,0
1847,39.13636364,341.9102476,0
1848,40.09090909,338.0146766,0
1849,41.04545455,335.6604606,0
1850,42,332.0782176,0
1851,42.95454545,331.2030792,0
1852,43.90909091,325.0269489,0
1853,44.86363636,309.7999301,0
1854,45.81818182,263.4566594,0
1855,46.77272727,158.7324561,0
1856,47.72727273,106.7780211,0
1857,48.68181818,84.10919703,0
1858,49.63636364,74.39756961,0
1859,50.59090909,59.17329652,0
1860,51.54545455,54.19266793,0
1861,52.5,49.89975744,0
1862,53.45454545,51.02537261,0
1863,54.40909091,47.34720646,0
1864,55.36363636,45.6293046,0
1865,56.31818182,43.93383308,0
1866,57.27272727,40.37880158,0
1867,58.22727273,39.63160621,0
1868,59.18181818,39.18226172,0
1869,60.13636364,38.24007811,0
1870,61.09090909,37.75876834,0
1871,62.04545455,36.66839694,0
1872,0,35.34965133,0
1873,0.7777777778,35.16785902,0
1874,1.555555556,34.55811437,0
1875,2.333333333,34.76143544,0
1876,3.111111111,34.78192601,0
1877,3.888888889,34.84134866,0
1878,4.666666667,35.04387743,0
1879,5.444444444,35.59406282,0
1880,6.222222222,36.17733366,0
1881,7,38.96517099,0
1882,7.777777778,40.93516147,0
1883,8.555555556,44.49724173,0
1884,9.333333333,47.67989131,0
1885,10.11111111,48.40859054,0
1886,10.88888889,53.38301731,0
1887,11.66666667,54.1091757,0
1888,12.44444444,60.72232878,0
1889,13.22222222,69.10420033,0
1890,14,75.36114538,0
1891,14.77777778,86.51339629,0
1892,15.55555556,111.4587225,0
1893,16.33333333,179.2487325,0
1894,17.11111111,228.3352393,0
1895,17.88888889,289.6042901,0
1896,18.66666667,322.1964775,0
1897,19.44444444,328.7165078,0
1898,20.22222222,338.0732076,0
1899,21,340.7986034,0
1900,21.77777778,344.8005751,0
1901,22.55555556,343.0639485,0
1902,23.33333333,348.4583363,0
1903,24.11111111,344.9658011,0
1904,24.88888889,349.1907102,0
1905,25.66666667,350.81023,0
1906,26.44444444,351.167162,0
1907,27.22222222,353.3905935,0
1908,28,354.2143143,0
1909,28.77777778,353.6555912,0
1910,29.55555556,355.0207957,0
1911,30.33333333,354.7894299,0
1912,31.11111111,355.4842104,0
1913,31.88888889,355.8080843,0
1914,32.66666667,355.1866464,0
1915,33.44444444,354.1300808,0
1916,34.22222222,355.9189347,0
1917,35,355.2813638,0
1918,35.77777778,356.2566192,0
1919,36.55555556,356.1034727,0
1920,37.33333333,355.9885889,0
1921,38.11111111,355.173761,0
1922,38.88888889,354.4085066,0
1923,39.66666667,353.0376603,0
1924,40.44444444,352.5558214,0
1925,41.22222222,349.6338255,0
1926,42,346.3857564,0
1927,42.77777778,339.7343269,0
1928,43.55555556,335.9289963,0
1929,44.33333333,332.2720721,0
1930,45.11111111,329.7432901,0
1931,45.88888889,312.5749403,0
1932,46.66666667,292.3210798,0
1933,47.44444444,264.21201,0
1934,48.22222222,178.879793,0
1935,49,98.95024187,0
1936,49.77777778,78.67034471,0
1937,50.55555556,77.31124635,0
1938,51.33333333,68.38672993,0
1939,52.11111111,61.57222288,0
1940,52.88888889,54.07289374,0
1941,53.66666667,52.72611704,0
1942,54.44444444,48.64568006,0
1943,55.22222222,46.72429321,0
1944,56,45.99007519,0
1945,56.77777778,44.01352773,0
1946,57.55555556,42.0813765,0
1947,58.33333333,40.38836385,0
1948,59.11111111,40.17061742,0
1949,59.88888889,40.3265643,0
1950,60.66666667,42.32190844,0
1951,61.44444444,41.36461645,0
1952,62.22222222,40.92565385,0
1953,0,41.12064209,0
1954,0.84,40.05734556,0
1955,1.68,41.02646744,0
1956,2.52,41.07815831,0
1957,3.36,41.8589309,0
1958,4.2,41.96203943,0
1959,5.04,42.83510153,0
1960,5.88,44.24668307,0
1961,6.72,46.44726074,0
1962,7.56,50.14263896,0
1963,8.4,51.29322531,0
1964,9.24,52.67532775,0
1965,10.08,56.99143357,0
1966,10.92,55.56132856,0
1967,11.76,57.42351134,0
1968,12.6,64.17518065,0
1969,13.44,69.054941,0
1970,14.28,84.93843663,0
1971,15.12,81.09855892,0
1972,15.96,128.349671,0
1973,16.8,199.8080527,0
1974,17.64,254.4550302,0
1975,18.48,308.8197979,0
1976,19.32,325.2309257,0
1977,20.16,328.8386589,0
1978,21,335.2759483,0
1979,21.84,338.8519485,0
1980,22.68,343.0429252,0
1981,23.52,345.2712744,0
1982,24.36,349.0482734,0
1983,25.2,349.6659001,0
1984,26.04,353.0849972,0
1985,26.88,356.332397,0
1986,27.72,356.4342178,0
1987,28.56,355.1913829,0
1988,29.4,357.1060215,0
1989,30.24,357.083195,0
1990,31.08,357.7330056,0
1991,31.92,357.4651529,0
1992,32.76,358.2477969,0
1993,33.6,356.7801259,0
1994,34.44,357.6734053,0
1995,35.28,357.569112,0
1996,36.12,354.4841888,0
1997,36.96,353.3690374,0
1998,37.8,353.1048047,0
1999,38.64,352.6173068,0
2000,39.48,350.6692003,0
2001,40.32,352.9731733,0
2002,41.16,351.8646336,0
2003,42,348.0285672,0
2004,42.84,344.6381432,0
2005,43.68,339.8052243,0
2006,44.52,331.8321532,0
2007,45.36,328.0972965,0
2008,46.2,315.1861353,0
2009,47.04,290.7056581,0
2010,47.88,275.513364,0
2011,48.72,227.9739086,0
2012,49.56,94.07539925,0
2013,50.4,95.68912707,0
2014,51.24,77.76966133,0
2015,52.08,68.33949235,0
2016,52.92,57.61808976,0
2017,53.76,52.08448907,0
2018,54.6,49.51087379,0
2019,55.44,47.42209265,0
2020,56.28,46.56181667,0
2021,57.12,48.25466539,0
2022,57.96,46.79005427,0
2023,58.8,44.54322256,0
2024,59.64,42.82635889,0
2025,60.48,41.69623579,0
2026,61.32,42.12530827,0
2027,62.16,41.26027848,0
2028,0,40.96625249,0
2029,0.7682926829,41.29748935,0
2030,1.536585366,41.33297901,0
2031,2.304878049,40.96040585,0
2032,3.073170732,41.63077526,0
2033,3.841463415,42.22393621,0
2034,4.609756098,42.84695874,0
2035,5.37804878,44.4458787,0
2036,6.146341463,45.4789858,0
2037,6.914634146,49.17171391,0
2038,7.682926829,52.11484243,0
2039,8.451219512,51.76199485,0
2040,9.219512195,54.85874798,0
2041,9.987804878,59.92704887,0
2042,10.75609756,63.61578816,0
2043,11.52439024,77.43689451,0
2044,12.29268293,82.64496839,0
2045,13.06097561,90.84105879,0
2046,13.82926829,147.008655,0
2047,14.59756098,224.6900083,0
2048,15.36585366,296.9858395,0
2049,16.13414634,300.6546073,0
2050,16.90243902,315.3886914,0
2051,17.67073171,323.207769,0
2052,18.43902439,327.0866881,0
2053,19.20731707,333.4478618,0
2054,19.97560976,335.1973055,0
2055,20.74390244,341.5486301,0
2056,21.51219512,343.7599858,0
2057,22.2804878,347.6888882,0
2058,23.04878049,346.8977064,0
2059,23.81707317,345.4780926,0
2060,24.58536585,346.0662948,0
2061,25.35365854,346.7731647,0
2062,26.12195122,346.3962066,0
2063,26.8902439,346.6118083,0
2064,27.65853659,346.5134946,0
2065,28.42682927,346.8606185,0
2066,29.19512195,347.7134769,0
2067,29.96341463,347.6599009,0
2068,30.73170732,349.8927853,0
2069,31.5,349.201215,0
2070,32.26829268,349.8129951,0
2071,33.03658537,348.0840693,0
2072,33.80487805,346.8459472,0
2073,34.57317073,346.4681421,0
2074,35.34146341,347.8108617,0
2075,36.1097561,349.1610945,0
2076,36.87804878,348.87103,0
2077,37.64634146,347.3759972,0
2078,38.41463415,348.8063345,0
2079,39.18292683,347.4652541,0
2080,39.95121951,342.6706936,0
2081,40.7195122,339.3299388,0
2082,41.48780488,332.093449,0
2083,42.25609756,329.1267153,0
2084,43.02439024,326.9158787,0
2085,43.79268293,315.8525295,0
2086,44.56097561,295.6865053,0
2087,45.32926829,279.2717575,0
2088,46.09756098,261.6330536,0
2089,46.86585366,229.119386,0
2090,47.63414634,127.2646271,0
2091,48.40243902,105.8450173,0
2092,49.17073171,84.50510211,0
2093,49.93902439,76.68677581,0
2094,50.70731707,67.99896643,0
2095,51.47560976,60.28506007,0
2096,52.24390244,55.65107725,0
2097,53.01219512,53.81493115,0
2098,53.7804878,53.10098514,0
2099,54.54878049,50.35317271,0
2100,55.31707317,49.64042881,0
2101,56.08536585,47.73032543,0
2102,56.85365854,44.57570694,0
2103,57.62195122,41.92051188,0
2104,58.3902439,41.15651424,0
2105,59.15853659,41.17932707,0
2106,59.92682927,40.99056797,0
2107,60.69512195,40.94865793,0
2108,61.46341463,40.73626636,0
2109,62.23170732,40.73809685,0
2110,0,41.42423034,0
2111,0.9,41.75456561,0
2112,1.8,42.38583901,0
2113,2.7,43.0172217,0
2114,3.6,43.46577388,0
2115,4.5,44.24504382,0
2116,5.4,46.42838209,0
2117,6.3,47.7991191,0
2118,7.2,50.79544112,0
2119,8.1,52.52754978,0
2120,9,56.11643169,0
2121,9.9,60.67184002,0
2122,10.8,70.13290878,0
2123,11.7,82.84528418,0
2124,12.6,90.73674814,0
2125,13.5,116.2190091,0
2126,14.4,155.7146327,0
2127,15.3,279.9864822,0
2128,16.2,300.047021,0
2129,17.1,312.0345631,0
2130,18,326.4593625,0
2131,18.9,335.9393646,0
2132,19.8,336.7149189,0
2133,20.7,342.7694171,0
2134,21.6,342.211295,0
2135,22.5,345.8159684,0
2136,23.4,346.6234606,0
2137,24.3,347.5563142,0
2138,25.2,349.1087206,0
2139,26.1,349.2047394,0
2140,27,350.8574266,0
2141,27.9,352.6109957,0
2142,28.8,352.9184635,0
2143,29.7,352.002781,0
2144,30.6,351.9319656,0
2145,31.5,353.3646115,0
2146,32.4,353.8163329,0
2147,33.3,354.3430634,0
2148,34.2,352.8782474,0
2149,35.1,352.9747306,0
2150,36,350.7680877,0
2151,36.9,348.8087114,0
2152,37.8,346.8306749,0
2153,38.7,344.2376756,0
2154,39.6,341.6828433,0
2155,40.5,340.2005283,0
2156,41.4,335.3457938,0
2157,42.3,327.7524539,0
2158,43.2,319.6833641,0
2159,44.1,294.4087545,0
2160,45,276.1456756,0
2161,45.9,234.8692578,0
2162,46.8,131.6099935,0
2163,47.7,89.87272921,0
2164,48.6,74.29405126,0
2165,49.5,65.18850752,0
2166,50.4,61.52517654,0
2167,51.3,53.55409989,0
2168,52.2,50.15154553,0
2169,53.1,45.12053747,0
2170,54,45.46827606,0
2171,54.9,43.23737235,0
2172,55.8,43.44282444,0
2173,56.7,40.31347765,0
2174,57.6,38.41902906,0
2175,58.5,36.83262201,0
2176,59.4,35.86653273,0
2177,60.3,36.63525686,0
2178,61.2,36.68153822,0
2179,62.1,36.65126682,0
2180,0,47.12839452,1
2181,1,48.59999976,1
2182,2,48.91009035,1
2183,3,49.84724694,1
2184,4,50.12687489,1
2185,5,50.14222915,1
2186,6,50.38773347,1
2187,7,51.49903257,1
2188,8,52.19073949,1
2189,9,52.71379537,1
2190,10,53.94546973,1
2191,11,54.92420851,1
2192,12,53.98956543,1
2193,13,54.11731729,1
2194,14,53.93011546,1
2195,15,55.57616373,1
2196,16,57.04995463,1
2197,17,57.18027464,1
2198,18,62.36777599,1
2199,19,64.06551513,1
2200,20,66.61069952,1
2201,21,70.62334368,1
2202,22,82.42835213,1
2203,23,103.7415203,1
2204,24,132.5659021,1
2205,25,145.2095658,1
2206,26,154.9578304,1
2207,27,169.3284665,1
2208,28,178.7663535,1
2209,29,190.3652478,1
2210,30,195.081039,1
2211,31,196.4032544,1
2212,32,197.8222945,1
2213,33,200.743662,1
2214,34,202.4253502,1
2215,35,206.7029064,1
2216,36,240.2543802,1
2217,37,236.5309163,1
2218,38,281.3403586,1
2219,39,292.8869983,1
2220,40,321.1676288,1
2221,41,327.2287387,1
2222,42,332.9089562,1
2223,43,332.9161962,1
2224,44,336.7643795,1
2225,45,339.5825838,1
2226,46,344.183239,1
2227,47,347.5598932,1
2228,48,349.9973792,1
2229,49,352.380924,1
2230,50,352.9954397,1
2231,51,352.2952497,1
2232,52,353.651657,1
2233,53,353.0230337,1
2234,54,350.5697664,1
2235,55,350.2742787,1
2236,56,349.5686792,1
2237,57,348.7875105,1
2238,58,347.9199398,1
2239,59,346.8605775,1
2240,60,346.5138224,1
2241,61,345.6049838,1
2242,62,343.9026821,1
2243,63,342.0406223,1
2244,64,340.1436875,1
2245,65,337.5086278,1
2246,66,336.4129289,1
2247,67,335.324347,1
2248,68,332.7054612,1
2249,69,330.0830511,1
2250,70,331.0788517,1
2251,71,328.9307435,1
2252,72,327.5575886,1
2253,73,323.2460181,1
2254,74,323.6402293,1
2255,75,313.7973256,1
2256,76,308.3389253,1
2257,77,293.9790946,1
2258,78,290.0715024,1
2259,79,255.8060553,1
2260,80,220.9820352,1
2261,81,167.884008,1
2262,82,114.0902577,1
2263,83,91.82843094,1
2264,84,79.87909695,1
2265,85,73.24468832,1
2266,86,72.58866231,1
2267,87,65.91362772,1
2268,88,60.77101437,1
2269,89,59.80582668,1
2270,90,53.10191404,1
2271,91,51.44545657,1
2272,92,50.30678207,1
2273,93,48.64324852,1
2274,94,48.52175311,1
2275,95,49.11097987,1
2276,96,49.46205159,1
2277,97,48.40247069,1
2278,98,47.75988649,1
2279,0,47.39258624,1
2280,0.8534482759,45.69361766,1
2281,1.706896552,47.47001326,1
2282,2.560344828,46.82680069,1
2283,3.413793103,46.94466243,1
2284,4.267241379,46.81854982,1
2285,5.120689655,47.14506018,1
2286,5.974137931,48.73712264,1
2287,6.827586207,49.17176855,1
2288,7.681034483,51.39264554,1
2289,8.534482759,48.86779782,1
2290,9.387931034,50.52616775,1
2291,10.24137931,51.52405838,1
2292,11.09482759,53.4823829,1
2293,11.94827586,52.09298582,1
2294,12.80172414,57.55855784,1
2295,13.65517241,58.26807789,1
2296,14.50862069,58.21278068,1
2297,15.36206897,61.0637836,1
2298,16.21551724,64.28801538,1
2299,17.06896552,63.10958918,1
2300,17.92241379,63.09576488,1
2301,18.77586207,64.39838759,1
2302,19.62931034,68.48680222,1
2303,20.48275862,76.24502286,1
2304,21.3362069,84.15501029,1
2305,22.18965517,86.8845383,1
2306,23.04310345,92.01989799,1
2307,23.89655172,99.18287811,1
2308,24.75,109.4338719,1
2309,25.60344828,136.2947929,1
2310,26.45689655,140.6034948,1
2311,27.31034483,149.1185414,1
2312,28.1637931,150.1460614,1
2313,29.01724138,161.3643466,1
2314,29.87068966,169.8648175,1
2315,30.72413793,183.1306432,1
2316,31.57758621,197.2065392,1
2317,32.43103448,201.5312274,1
2318,33.28448276,227.2991679,1
2319,34.13793103,291.7561412,1
2320,34.99137931,339.5783937,1
2321,35.84482759,352.8815532,1
2322,36.69827586,337.2878898,1
2323,37.55172414,339.350361,1
2324,38.40517241,343.9168069,1
2325,39.25862069,347.4890505,1
2326,40.11206897,346.5952929,1
2327,40.96551724,349.4734527,1
2328,41.81896552,349.9511561,1
2329,42.67241379,351.7274698,1
2330,43.52586207,353.194731,1
2331,44.37931034,353.3290808,1
2332,45.23275862,352.2122903,1
2333,46.0862069,352.285305,1
2334,46.93965517,351.3900038,1
2335,47.79310345,350.5146331,1
2336,48.64655172,352.5368062,1
2337,49.5,351.1113457,1
2338,50.35344828,349.545156,1
2339,51.20689655,346.6925822,1
2340,52.06034483,346.075215,1
2341,52.9137931,345.0899876,1
2342,53.76724138,343.7715561,1
2343,54.62068966,340.6390675,1
2344,55.47413793,339.1722843,1
2345,56.32758621,338.7405208,1
2346,57.18103448,335.0590215,1
2347,58.03448276,331.3908684,1
2348,58.88793103,331.4193229,1
2349,59.74137931,330.1248109,1
2350,60.59482759,326.6440508,1
2351,61.44827586,326.6885563,1
2352,62.30172414,326.4762604,1
2353,63.15517241,326.1755135,1
2354,64.00862069,323.6481386,1
2355,64.86206897,316.2225209,1
2356,65.71551724,319.2493738,1
2357,66.56896552,326.2222866,1
2358,67.42241379,307.1494888,1
2359,68.27586207,336.6419961,1
2360,69.12931034,282.8421019,1
2361,69.98275862,303.4644306,1
2362,70.8362069,188.6403719,1
2363,71.68965517,193.5210785,1
2364,72.54310345,180.7520808,1
2365,73.39655172,177.3760103,1
2366,74.25,181.9516359,1
2367,75.10344828,179.929084,1
2368,75.95689655,178.7215612,1
2369,76.81034483,176.3640804,1
2370,77.6637931,175.4257253,1
2371,78.51724138,169.0510825,1
2372,79.37068966,160.9027897,1
2373,80.22413793,153.2167369,1
2374,81.07758621,143.6093381,1
2375,81.93103448,137.162063,1
2376,82.78448276,128.1055154,1
2377,83.63793103,126.0258048,1
2378,84.49137931,94.5725924,1
2379,85.34482759,82.33763356,1
2380,86.19827586,75.59339549,1
2381,87.05172414,71.58520826,1
2382,87.90517241,67.21843609,1
2383,88.75862069,64.47658324,1
2384,89.61206897,58.55155442,1
2385,90.46551724,62.89706101,1
2386,91.31896552,61.37781839,1
2387,92.17241379,62.93499224,1
2388,93.02586207,60.0610672,1
2389,93.87931034,61.71084476,1
2390,94.73275862,62.55425017,1
2391,95.5862069,60.1149064,1
2392,96.43965517,61.54771616,1
2393,97.29310345,63.29107732,1
2394,98.14655172,64.74974618,1
2395,0,55.46749178,1
2396,0.8181818182,56.17020896,1
2397,1.636363636,57.35769199,1
2398,2.454545455,58.31864496,1
2399,3.272727273,58.41766905,1
2400,4.090909091,61.8923502,1
2401,4.909090909,62.9552096,1
2402,5.727272727,63.96558582,1
2403,6.545454545,64.11671059,1
2404,7.363636364,63.85716704,1
2405,8.181818182,66.37247983,1
2406,9,74.2361686,1
2407,9.818181818,75.93890744,1
2408,10.63636364,79.82194193,1
2409,11.45454545,81.39263955,1
2410,12.27272727,92.49298103,1
2411,13.09090909,101.7643344,1
2412,13.90909091,110.3728317,1
2413,14.72727273,140.6966859,1
2414,15.54545455,141.0635764,1
2415,16.36363636,154.4100392,1
2416,17.18181818,162.90368,1
2417,18,178.0527663,1
2418,18.81818182,186.5910219,1
2419,19.63636364,162.865185,1
2420,20.45454545,179.8596246,1
2421,21.27272727,192.0249838,1
2422,22.09090909,207.1415138,1
2423,22.90909091,280.2590404,1
2424,23.72727273,340.4853709,1
2425,24.54545455,324.7342307,1
2426,25.36363636,346.1147035,1
2427,26.18181818,336.8293346,1
2428,27,338.2229254,1
2429,27.81818182,338.1123719,1
2430,28.63636364,339.2018144,1
2431,29.45454545,338.4059335,1
2432,30.27272727,340.8390654,1
2433,31.09090909,345.0837001,1
2434,31.90909091,346.4094262,1
2435,32.72727273,348.9144117,1
2436,33.54545455,349.9626955,1
2437,34.36363636,350.4588268,1
2438,35.18181818,354.330851,1
2439,36,352.7236392,1
2440,36.81818182,350.7756146,1
2441,37.63636364,352.1530452,1
2442,38.45454545,353.7611039,1
2443,39.27272727,355.9831011,1
2444,40.09090909,355.7816515,1
2445,40.90909091,356.6186912,1
2446,41.72727273,355.4968463,1
2447,42.54545455,356.2242204,1
2448,43.36363636,355.1812505,1
2449,44.18181818,355.5235796,1
2450,45,354.8155349,1
2451,45.81818182,352.9987729,1
2452,46.63636364,353.6744835,1
2453,47.45454545,353.283701,1
2454,48.27272727,356.079516,1
2455,49.09090909,357.4324536,1
2456,49.90909091,356.5324122,1
2457,50.72727273,355.3678376,1
2458,51.54545455,354.3993032,1
2459,52.36363636,354.6312664,1
2460,53.18181818,354.7772685,1
2461,54,354.3882756,1
2462,54.81818182,352.0476281,1
2463,55.63636364,350.9935796,1
2464,56.45454545,346.8213312,1
2465,57.27272727,346.3579165,1
2466,58.09090909,339.8148276,1
2467,58.90909091,340.4077016,1
2468,59.72727273,336.7617057,1
2469,60.54545455,334.6773232,1
2470,61.36363636,332.9928073,1
2471,62.18181818,334.0958382,1
2472,63,329.6381016,1
2473,63.81818182,329.3395267,1
2474,64.63636364,310.8399184,1
2475,65.45454545,316.2094306,1
2476,66.27272727,317.0509645,1
2477,67.09090909,247.9515526,1
2478,67.90909091,216.806573,1
2479,68.72727273,199.9164714,1
2480,69.54545455,179.7304448,1
2481,70.36363636,186.3260443,1
2482,71.18181818,181.3196795,1
2483,72,187.4401574,1
2484,72.81818182,185.1748022,1
2485,73.63636364,182.3685507,1
2486,74.45454545,181.7150109,1
2487,75.27272727,179.6703254,1
2488,76.09090909,178.4762035,1
2489,76.90909091,177.8037577,1
2490,77.72727273,178.601114,1
2491,78.54545455,179.27524,1
2492,79.36363636,180.5911306,1
2493,80.18181818,180.6224848,1
2494,81,180.7375461,1
2495,81.81818182,176.1305835,1
2496,82.63636364,150.0607623,1
2497,83.45454545,134.2386018,1
2498,84.27272727,130.5710908,1
2499,85.09090909,111.2411363,1
2500,85.90909091,93.25989834,1
2501,86.72727273,72.8960445,1
2502,87.54545455,66.79425403,1
2503,88.36363636,61.40297079,1
2504,89.18181818,56.96987749,1
2505,90,54.42432063,1
2506,90.81818182,51.88992065,1
2507,91.63636364,45.46029476,1
2508,92.45454545,43.10157089,1
2509,93.27272727,40.44491417,1
2510,94.09090909,39.79733028,1
2511,94.90909091,38.30886813,1
2512,95.72727273,37.72968175,1
2513,96.54545455,38.23538896,1
2514,97.36363636,39.49155637,1
2515,98.18181818,40.49402323,1
2516,0,42.21361898,1
2517,0.8389830508,42.3271094,1
2518,1.677966102,43.48049613,1
2519,2.516949153,41.29132487,1
2520,3.355932203,43.55878375,1
2521,4.194915254,45.48152299,1
2522,5.033898305,47.1138699,1
2523,5.872881356,49.39474327,1
2524,6.711864407,51.64557747,1
2525,7.550847458,54.70092599,1
2526,8.389830508,57.85394621,1
2527,9.228813559,60.86065013,1
2528,10.06779661,65.55492986,1
2529,10.90677966,78.13302739,1
2530,11.74576271,86.31190571,1
2531,12.58474576,91.60530232,1
2532,13.42372881,78.76413687,1
2533,14.26271186,100.2169856,1
2534,15.10169492,100.2811074,1
2535,15.94067797,101.5138131,1
2536,16.77966102,99.46487932,1
2537,17.61864407,156.8848727,1
2538,18.45762712,230.1071543,1
2539,19.29661017,243.4779873,1
2540,20.13559322,285.7686708,1
2541,20.97457627,329.4606979,1
2542,21.81355932,347.3270248,1
2543,22.65254237,347.1736734,1
2544,23.49152542,341.0320082,1
2545,24.33050847,331.6620269,1
2546,25.16949153,332.5002414,1
2547,26.00847458,339.277237,1
2548,26.84745763,342.798633,1
2549,27.68644068,344.8699735,1
2550,28.52542373,347.4297472,1
2551,29.36440678,349.4020226,1
2552,30.20338983,350.3666229,1
2553,31.04237288,349.6821696,1
2554,31.88135593,351.2784258,1
2555,32.72033898,352.7747973,1
2556,33.55932203,352.8001783,1
2557,34.39830508,356.8764762,1
2558,35.23728814,356.5391195,1
2559,36.07627119,357.5397695,1
2560,36.91525424,357.5523371,1
2561,37.75423729,357.9639652,1
2562,38.59322034,356.7444177,1
2563,39.43220339,356.2642007,1
2564,40.27118644,355.6357413,1
2565,41.11016949,356.9534761,1
2566,41.94915254,356.7463884,1
2567,42.78813559,356.5615498,1
2568,43.62711864,356.7774248,1
2569,44.46610169,356.5160744,1
2570,45.30508475,358.7952676,1
2571,46.1440678,358.1480935,1
2572,46.98305085,356.8297577,1
2573,47.8220339,356.4202742,1
2574,48.66101695,354.9967945,1
2575,49.5,355.9051823,1
2576,50.33898305,355.95145,1
2577,51.1779661,355.9388415,1
2578,52.01694915,355.9139386,1
2579,52.8559322,357.3959394,1
2580,53.69491525,356.6047303,1
2581,54.53389831,357.1207237,1
2582,55.37288136,357.2297745,1
2583,56.21186441,353.594461,1
2584,57.05084746,353.9874154,1
2585,57.88983051,351.6727736,1
2586,58.72881356,349.5824625,1
2587,59.56779661,348.0611198,1
2588,60.40677966,346.0980825,1
2589,61.24576271,341.9190996,1
2590,62.08474576,342.1585796,1
2591,62.92372881,342.5179569,1
2592,63.76271186,341.9854617,1
2593,64.60169492,339.6870347,1
2594,65.44067797,341.779077,1
2595,66.27966102,334.2702129,1
2596,67.11864407,338.660399,1
2597,67.95762712,335.2981974,1
2598,68.79661017,341.4768138,1
2599,69.63559322,341.5172176,1
2600,70.47457627,281.2010875,1
2601,71.31355932,191.8858765,1
2602,72.15254237,187.2515659,1
2603,72.99152542,190.4393517,1
2604,73.83050847,195.5670616,1
2605,74.66949153,192.5243626,1
2606,75.50847458,185.7489925,1
2607,76.34745763,181.3059955,1
2608,77.18644068,180.2877235,1
2609,78.02542373,173.8583435,1
2610,78.86440678,172.0121671,1
2611,79.70338983,174.9156532,1
2612,80.54237288,175.2505237,1
2613,81.38135593,179.556743,1
2614,82.22033898,178.9510282,1
2615,83.05932203,180.347474,1
2616,83.89830508,180.2550343,1
2617,84.73728814,160.7557048,1
2618,85.57627119,164.8496382,1
2619,86.41525424,173.1757208,1
2620,87.25423729,155.8173997,1
2621,88.09322034,153.8541165,1
2622,88.93220339,16.29622029,1
2623,89.77118644,15.4910366,1
2624,90.61016949,63.80531225,1
2625,91.44915254,86.50645682,1
2626,92.28813559,65.47156057,1
2627,93.12711864,59.83142258,1
2628,93.96610169,55.51474303,1
2629,94.80508475,53.40297148,1
2630,95.6440678,52.48059541,1
2631,96.48305085,53.50833398,1
2632,97.3220339,53.24218883,1
2633,98.16101695,54.68285331,1
2634,0,59.13538533,1
2635,0.8534482759,58.70183224,1
2636,1.706896552,60.94117442,1
2637,2.560344828,58.35714993,1
2638,3.413793103,61.29730048,1
2639,4.267241379,64.10360664,1
2640,5.120689655,64.35704764,1
2641,5.974137931,66.08678303,1
2642,6.827586207,71.46204629,1
2643,7.681034483,75.41787329,1
2644,8.534482759,85.29084343,1
2645,9.387931034,83.98731913,1
2646,10.24137931,93.04078952,1
2647,11.09482759,81.64276108,1
2648,11.94827586,204.1329558,1
2649,12.80172414,192.6265595,1
2650,13.65517241,205.0047474,1
2651,14.50862069,251.3534549,1
2652,15.36206897,266.9175299,1
2653,16.21551724,281.9853644,1
2654,17.06896552,304.6809765,1
2655,17.92241379,315.1148418,1
2656,18.77586207,322.7220333,1
2657,19.62931034,332.543777,1
2658,20.48275862,334.1425877,1
2659,21.3362069,339.8749742,1
2660,22.18965517,345.2100759,1
2661,23.04310345,347.1015739,1
2662,23.89655172,348.1950325,1
2663,24.75,352.8600108,1
2664,25.60344828,353.1601839,1
2665,26.45689655,354.3930057,1
2666,27.31034483,353.3396266,1
2667,28.1637931,352.5618047,1
2668,29.01724138,353.6858489,1
2669,29.87068966,355.082445,1
2670,30.72413793,356.9189736,1
2671,31.57758621,356.8448251,1
2672,32.43103448,355.2686223,1
2673,33.28448276,353.7885613,1
2674,34.13793103,352.375764,1
2675,34.99137931,351.8632129,1
2676,35.84482759,350.2255521,1
2677,36.69827586,350.4092159,1
2678,37.55172414,350.5919781,1
2679,38.40517241,348.8916982,1
2680,39.25862069,347.1942596,1
2681,40.11206897,344.3370821,1
2682,40.96551724,345.9668063,1
2683,41.81896552,346.979778,1
2684,42.67241379,345.8930812,1
2685,43.52586207,343.3421012,1
2686,44.37931034,341.2241005,1
2687,45.23275862,337.1269978,1
2688,46.0862069,335.0102129,1
2689,46.93965517,334.9402855,1
2690,47.79310345,334.5722066,1
2691,48.64655172,332.2485899,1
2692,49.5,330.3240202,1
2693,50.35344828,326.1621263,1
2694,51.20689655,319.1106664,1
2695,52.06034483,313.0328908,1
2696,52.9137931,303.20194,1
2697,53.76724138,293.240273,1
2698,54.62068966,275.6693655,1
2699,55.47413793,277.8649435,1
2700,56.32758621,262.4734947,1
2701,57.18103448,227.9267394,1
2702,58.03448276,212.0361267,1
2703,58.88793103,188.3006182,1
2704,59.74137931,165.7802005,1
2705,60.59482759,141.1491177,1
2706,61.44827586,128.1646822,1
2707,62.30172414,105.3585986,1
2708,63.15517241,101.3471192,1
2709,64.00862069,103.5192013,1
2710,64.86206897,102.2523651,1
2711,65.71551724,105.2942035,1
2712,66.56896552,103.0427819,1
2713,67.42241379,103.0438201,1
2714,68.27586207,102.6056771,1
2715,69.12931034,94.50176698,1
2716,69.98275862,105.3862745,1
2717,70.8362069,102.7273911,1
2718,71.68965517,103.0859487,1
2719,72.54310345,105.1360983,1
2720,73.39655172,110.4927425,1
2721,74.25,83.22009764,1
2722,75.10344828,75.79863266,1
2723,75.95689655,19.51372114,1
2724,76.81034483,19.74356702,1
2725,77.6637931,22.76895834,1
2726,78.51724138,64.53319185,1
2727,79.37068966,98.84002993,1
2728,80.22413793,144.7869993,1
2729,81.07758621,90.01211971,1
2730,81.93103448,81.87132653,1
2731,82.78448276,72.75134012,1
2732,83.63793103,64.65924618,1
2733,84.49137931,58.13256329,1
2734,85.34482759,57.23734406,1
2735,86.19827586,55.61543368,1
2736,87.05172414,50.43379262,1
2737,87.90517241,49.82831002,1
2738,88.75862069,50.35174839,1
2739,89.61206897,47.64435703,1
2740,90.46551724,45.81756829,1
2741,91.31896552,44.73807056,1
2742,92.17241379,45.10329443,1
2743,93.02586207,45.40971038,1
2744,93.87931034,45.25127731,1
2745,94.73275862,45.42205936,1
2746,95.5862069,46.88509954,1
2747,96.43965517,48.02729841,1
2748,97.29310345,49.12474953,1
2749,98.14655172,48.8679071,1
2750,0,50.67610406,1
2751,0.9166666667,52.70128247,1
2752,1.833333333,57.58656161,1
2753,2.75,60.86046253,1
2754,3.666666667,67.4959913,1
2755,4.583333333,73.29176199,1
2756,5.5,83.53395849,1
2757,6.416666667,98.12134013,1
2758,7.333333333,177.0893818,1
2759,8.25,226.73566,1
2760,9.166666667,250.5138571,1
2761,10.08333333,298.3689391,1
2762,11,321.8353654,1
2763,11.91666667,327.6019166,1
2764,12.83333333,337.5161137,1
2765,13.75,343.5910069,1
2766,14.66666667,347.980387,1
2767,15.58333333,351.9116663,1
2768,16.5,354.9429043,1
2769,17.41666667,358.6527998,1
2770,18.33333333,358.5136825,1
2771,19.25,357.645948,1
2772,20.16666667,356.9665627,1
2773,21.08333333,355.4492945,1
2774,22,357.9458106,1
2775,22.91666667,353.2553011,1
2776,23.83333333,351.1902617,1
2777,24.75,353.5681784,1
2778,25.66666667,356.6232364,1
2779,26.58333333,354.3489647,1
2780,27.5,352.9500873,1
2781,28.41666667,355.1637379,1
2782,29.33333333,356.6293872,1
2783,30.25,356.960952,1
2784,31.16666667,355.442355,1
2785,32.08333333,355.9423349,1
2786,33,357.0134488,1
2787,33.91666667,356.7836776,1
2788,34.83333333,354.5803168,1
2789,35.75,355.3696818,1
2790,36.66666667,352.5276947,1
2791,37.58333333,355.0178041,1
2792,38.5,352.6435211,1
2793,39.41666667,351.9128138,1
2794,40.33333333,352.7566153,1
2795,41.25,350.8632869,1
2796,42.16666667,349.3245956,1
2797,43.08333333,348.0602319,1
2798,44,345.6619066,1
2799,44.91666667,343.4551681,1
2800,45.83333333,342.9772051,1
2801,46.75,342.5765736,1
2802,47.66666667,339.5706756,1
2803,48.58333333,339.4203022,1
2804,49.5,339.2920176,1
2805,50.41666667,338.5555183,1
2806,51.33333333,335.4270321,1
2807,52.25,333.6635319,1
2808,53.16666667,327.3203215,1
2809,54.08333333,323.97107,1
2810,55,323.5309872,1
2811,55.91666667,317.0893675,1
2812,56.83333333,314.7849573,1
2813,57.75,299.555302,1
2814,58.66666667,292.4247484,1
2815,59.58333333,291.6984535,1
2816,60.5,281.792753,1
2817,61.41666667,274.4588101,1
2818,62.33333333,278.247516,1
2819,63.25,256.7955174,1
2820,64.16666667,238.3761092,1
2821,65.08333333,225.3057499,1
2822,66,219.0787074,1
2823,66.91666667,212.8078151,1
2824,67.83333333,208.0168882,1
2825,68.75,206.8047618,1
2826,69.66666667,204.5917396,1
2827,70.58333333,203.7094977,1
2828,71.5,199.2202876,1
2829,72.41666667,195.2377955,1
2830,73.33333333,186.0642231,1
2831,74.25,190.6810621,1
2832,75.16666667,191.9938345,1
2833,76.08333333,200.8142725,1
2834,77,181.2405896,1
2835,77.91666667,162.1383709,1
2836,78.83333333,138.5647653,1
2837,79.75,178.18672,1
2838,80.66666667,105.9241929,1
2839,81.58333333,92.25004486,1
2840,82.5,75.14102204,1
2841,83.41666667,75.79177515,1
2842,84.33333333,81.94285227,1
2843,85.25,71.47603451,1
2844,86.16666667,76.90401317,1
2845,87.08333333,76.68087089,1
2846,88,69.50283384,1
2847,88.91666667,66.89376988,1
2848,89.83333333,64.66988761,1
2849,90.75,57.74063338,1
2850,91.66666667,57.91413748,1
2851,92.58333333,57.55829465,1
2852,93.5,54.03644785,1
2853,94.41666667,51.27469819,1
2854,95.33333333,51.0504904,1
2855,96.25,50.7058937,1
2856,97.16666667,50.66290085,1
2857,98.08333333,51.91690992,1
2858,0,49.53604622,1
2859,0.8048780488,52.22635847,1
2860,1.609756098,53.50150015,1
2861,2.414634146,50.48637142,1
2862,3.219512195,55.19332799,1
2863,4.024390244,57.6518819,1
2864,4.829268293,60.39043259,1
2865,5.634146341,64.40842797,1
2866,6.43902439,69.02715215,1
2867,7.243902439,68.82533372,1
2868,8.048780488,80.86492183,1
2869,8.853658537,89.56651453,1
2870,9.658536585,91.53027588,1
2871,10.46341463,92.77470903,1
2872,11.26829268,94.87720518,1
2873,12.07317073,96.20849465,1
2874,12.87804878,94.93835267,1
2875,13.68292683,93.28104825,1
2876,14.48780488,92.26734891,1
2877,15.29268293,92.52778403,1
2878,16.09756098,88.61979931,1
2879,16.90243902,92.52811552,1
2880,17.70731707,83.37533418,1
2881,18.51219512,87.62242777,1
2882,19.31707317,90.58438028,1
2883,20.12195122,96.30750507,1
2884,20.92682927,101.5480087,1
2885,21.73170732,110.9062148,1
2886,22.53658537,123.0647711,1
2887,23.34146341,129.5749796,1
2888,24.14634146,131.8838568,1
2889,24.95121951,152.4514415,1
2890,25.75609756,166.8906526,1
2891,26.56097561,174.7960775,1
2892,27.36585366,177.3572755,1
2893,28.17073171,182.1691574,1
2894,28.97560976,191.1304713,1
2895,29.7804878,201.3117288,1
2896,30.58536585,206.361397,1
2897,31.3902439,291.1286991,1
2898,32.19512195,295.2763588,1
2899,33,314.9651614,1
2900,33.80487805,344.6509157,1
2901,34.6097561,336.2027193,1
2902,35.41463415,342.771845,1
2903,36.2195122,346.3969269,1
2904,37.02439024,347.9820909,1
2905,37.82926829,349.7572197,1
2906,38.63414634,352.2601699,1
2907,39.43902439,349.8976757,1
2908,40.24390244,351.3081371,1
2909,41.04878049,352.7161806,1
2910,41.85365854,352.5137202,1
2911,42.65853659,353.0298093,1
2912,43.46341463,351.5964941,1
2913,44.26829268,353.4975953,1
2914,45.07317073,353.3246958,1
2915,45.87804878,354.0791585,1
2916,46.68292683,354.0875187,1
2917,47.48780488,354.6216941,1
2918,48.29268293,354.4983546,1
2919,49.09756098,354.9879015,1
2920,49.90243902,351.4584286,1
2921,50.70731707,350.9655075,1
2922,51.51219512,352.4715096,1
2923,52.31707317,353.8402112,1
2924,53.12195122,353.7968668,1
2925,53.92682927,354.7844029,1
2926,54.73170732,354.1804912,1
2927,55.53658537,355.6586671,1
2928,56.34146341,356.9513177,1
2929,57.14634146,353.5606925,1
2930,57.95121951,353.5520865,1
2931,58.75609756,353.115774,1
2932,59.56097561,351.0311456,1
2933,60.36585366,351.5908523,1
2934,61.17073171,352.6295055,1
2935,61.97560976,352.2659619,1
2936,62.7804878,351.3245842,1
2937,63.58536585,348.3455426,1
2938,64.3902439,348.7433874,1
2939,65.19512195,348.9321602,1
2940,66,349.2124438,1
2941,66.80487805,348.0381567,1
2942,67.6097561,343.8128924,1
2943,68.41463415,340.8723731,1
2944,69.2195122,335.5313017,1
2945,70.02439024,336.1292985,1
2946,70.82926829,330.0324667,1
2947,71.63414634,329.537879,1
2948,72.43902439,317.7724684,1
2949,73.24390244,272.9328912,1
2950,74.04878049,213.3194646,1
2951,74.85365854,158.5679578,1
2952,75.65853659,117.3679836,1
2953,76.46341463,82.22493908,1
2954,77.26829268,69.75883298,1
2955,78.07317073,63.88088146,1
2956,78.87804878,55.74238321,1
2957,79.68292683,51.80860406,1
2958,80.48780488,49.50068314,1
2959,81.29268293,48.53328247,1
2960,82.09756098,47.73794792,1
2961,82.90243902,49.09229247,1
2962,83.70731707,54.91032957,1
2963,84.51219512,56.79756548,1
2964,85.31707317,59.52737352,1
2965,86.12195122,58.56513647,1
2966,86.92682927,60.47737088,1
2967,87.73170732,59.6469838,1
2968,88.53658537,60.96433604,1
2969,89.34146341,60.7441271,1
2970,90.14634146,61.41681877,1
2971,90.95121951,61.71085842,1
2972,91.75609756,62.64250988,1
2973,92.56097561,62.33073906,1
2974,93.36585366,63.09738682,1
2975,94.17073171,62.77127261,1
2976,94.97560976,63.82107268,1
2977,95.7804878,64.2064866,1
2978,96.58536585,62.91437873,1
2979,97.3902439,61.91185722,1
2980,98.19512195,64.63725297,1
2981,0,56.60306901,1
2982,0.9705882353,55.30123496,1
2983,1.941176471,51.83152618,1
2984,2.911764706,52.12361239,1
2985,3.882352941,52.58951325,1
2986,4.852941176,52.00405676,1
2987,5.823529412,56.10542143,1
2988,6.794117647,73.2221487,1
2989,7.764705882,81.21811455,1
2990,8.735294118,260.9936213,1
2991,9.705882353,313.318594,1
2992,10.67647059,333.183202,1
2993,11.64705882,346.5729409,1
2994,12.61764706,341.3965591,1
2995,13.58823529,348.6774588,1
2996,14.55882353,352.1099604,1
2997,15.52941176,352.6957857,1
2998,16.5,354.191843,1
2999,17.47058824,351.1887727,1
3000,18.44117647,355.926711,1
3001,19.41176471,356.8067536,1
3002,20.38235294,356.9178362,1
3003,21.35294118,354.3330913,1
3004,22.32352941,350.860951,1
3005,23.29411765,353.1514103,1
3006,24.26470588,354.5181585,1
3007,25.23529412,353.8169339,1
3008,26.20588235,353.784272,1
3009,27.17647059,353.8477754,1
3010,28.14705882,354.1222124,1
3011,29.11764706,354.1168748,1
3012,30.08823529,354.470583,1
3013,31.05882353,353.1560858,1
3014,32.02941176,352.8713898,1
3015,33,350.9082296,1
3016,33.97058824,351.2998726,1
3017,34.94117647,349.3359063,1
3018,35.91176471,348.957869,1
3019,36.88235294,349.4206144,1
3020,37.85294118,346.4713933,1
3021,38.82352941,345.7833474,1
3022,39.79411765,345.1343428,1
3023,40.76470588,348.3244646,1
3024,41.73529412,345.6831758,1
3025,42.70588235,345.6605542,1
3026,43.67647059,346.7915379,1
3027,44.64705882,347.3264784,1
3028,45.61764706,346.7214875,1
3029,46.58823529,345.592307,1
3030,47.55882353,344.1567105,1
3031,48.52941176,344.4480044,1
3032,49.5,343.6090659,1
3033,50.47058824,344.3393088,1
3034,51.44117647,345.8861007,1
3035,52.41176471,344.5341468,1
3036,53.38235294,345.7562689,1
3037,54.35294118,346.315757,1
3038,55.32352941,325.2611798,1
3039,56.29411765,330.0390883,1
3040,57.26470588,330.8076759,1
3041,58.23529412,311.6124811,1
3042,59.20588235,320.8320616,1
3043,60.17647059,177.0501319,1
3044,61.14705882,189.5373196,1
3045,62.11764706,190.1166289,1
3046,63.08823529,186.7336226,1
3047,64.05882353,184.4216272,1
3048,65.02941176,184.0451472,1
3049,66,182.8635928,1
3050,66.97058824,177.2255448,1
3051,67.94117647,173.120164,1
3052,68.91176471,170.4873856,1
3053,69.88235294,171.2384742,1
3054,70.85294118,159.0856689,1
3055,71.82352941,150.4221786,1
3056,72.79411765,152.6322503,1
3057,73.76470588,140.991313,1
3058,74.73529412,132.9673807,1
3059,75.70588235,125.9414656,1
3060,76.67647059,114.7468029,1
3061,77.64705882,96.91634814,1
3062,78.61764706,101.1426233,1
3063,79.58823529,80.07358977,1
3064,80.55882353,78.75948187,1
3065,81.52941176,66.66493122,1
3066,82.5,60.69604257,1
3067,83.47058824,57.12497378,1
3068,84.44117647,51.41600479,1
3069,85.41176471,50.74861335,1
3070,86.38235294,46.18320562,1
3071,87.35294118,46.73074091,1
3072,88.32352941,47.75731834,1
3073,89.29411765,46.48362466,1
3074,90.26470588,44.58884822,1
3075,91.23529412,44.71482423,1
3076,92.20588235,46.35035401,1
3077,93.17647059,44.16914676,1
3078,94.14705882,44.4732541,1
3079,95.11764706,42.85146667,1
3080,96.08823529,43.79466115,1
3081,97.05882353,44.53278603,1
3082,98.02941176,44.86590802,1
3083,0,43.21300224,1
3084,0.8461538462,44.41670014,1
3085,1.692307692,45.16299393,1
3086,2.538461538,46.54733667,1
3087,3.384615385,47.44905824,1
3088,4.230769231,47.91424877,1
3089,5.076923077,47.54927078,1
3090,5.923076923,47.34518472,1
3091,6.769230769,43.97587973,1
3092,7.615384615,44.9751364,1
3093,8.461538462,43.65644544,1
3094,9.307692308,42.77387572,1
3095,10.15384615,43.71723412,1
3096,11,45.52051335,1
3097,11.84615385,46.56132489,1
3098,12.69230769,50.17536923,1
3099,13.53846154,50.67828972,1
3100,14.38461538,51.42638668,1
3101,15.23076923,52.87247433,1
3102,16.07692308,52.32299927,1
3103,16.92307692,44.42702738,1
3104,17.76923077,35.55545495,1
3105,18.61538462,98.61047046,1
3106,19.46153846,50.74087793,1
3107,20.30769231,127.5751717,1
3108,21.15384615,58.63720499,1
3109,22,186.1484083,1
3110,22.84615385,204.7145974,1
3111,23.69230769,207.9583635,1
3112,24.53846154,209.7006901,1
3113,25.38461538,214.5849174,1
3114,26.23076923,209.7077935,1
3115,27.07692308,211.0170725,1
3116,27.92307692,208.8115361,1
3117,28.76923077,210.7827833,1
3118,29.61538462,212.0644137,1
3119,30.46153846,214.0448407,1
3120,31.30769231,213.2483313,1
3121,32.15384615,215.7709797,1
3122,33,218.8516819,1
3123,33.84615385,224.6679978,1
3124,34.69230769,245.5316986,1
3125,35.53846154,248.4483396,1
3126,36.38461538,248.4117061,1
3127,37.23076923,258.2018397,1
3128,38.07692308,273.6198306,1
3129,38.92307692,282.0771485,1
3130,39.76923077,296.7646506,1
3131,40.61538462,309.8562791,1
3132,41.46153846,320.3118781,1
3133,42.30769231,324.7921953,1
3134,43.15384615,330.731328,1
3135,44,334.8770206,1
3136,44.84615385,339.2769055,1
3137,45.69230769,343.0211059,1
3138,46.53846154,347.7794255,1
3139,47.38461538,350.0715277,1
3140,48.23076923,352.4401007,1
3141,49.07692308,355.1538068,1
3142,49.92307692,354.7904271,1
3143,50.76923077,348.2107283,1
3144,51.61538462,351.0697089,1
3145,52.46153846,349.7656755,1
3146,53.30769231,348.4583227,1
3147,54.15384615,349.6996139,1
3148,55,348.4962029,1
3149,55.84615385,348.4542929,1
3150,56.69230769,349.3245819,1
3151,57.53846154,350.1602692,1
3152,58.38461538,350.4398288,1
3153,59.23076923,348.601579,1
3154,60.07692308,348.127318,1
3155,60.92307692,348.1798832,1
3156,61.76923077,348.4694832,1
3157,62.61538462,348.1941992,1
3158,63.46153846,349.2342595,1
3159,64.30769231,348.6740064,1
3160,65.15384615,348.858722,1
3161,66,348.6091332,1
3162,66.84615385,346.9146453,1
3163,67.69230769,344.8692085,1
3164,68.53846154,343.4432972,1
3165,69.38461538,343.9474062,1
3166,70.23076923,345.0947823,1
3167,71.07692308,344.7565787,1
3168,71.92307692,343.3004507,1
3169,72.76923077,345.7773778,1
3170,73.61538462,342.2270728,1
3171,74.46153846,341.8432571,1
3172,75.30769231,341.4659985,1
3173,76.15384615,340.6136592,1
3174,77,340.0382157,1
3175,77.84615385,336.4044595,1
3176,78.69230769,335.7831035,1
3177,79.53846154,335.8629894,1
3178,80.38461538,334.0047681,1
3179,81.23076923,331.6261274,1
3180,82.07692308,326.8760177,1
3181,82.92307692,327.0002315,1
3182,83.76923077,325.8793838,1
3183,84.61538462,317.404772,1
3184,85.46153846,299.6483838,1
3185,86.30769231,233.742058,1
3186,87.15384615,174.7414087,1
3187,88,101.7770659,1
3188,88.84615385,76.29483224,1
3189,89.69230769,66.41365221,1
3190,90.53846154,57.26166317,1
3191,91.38461538,53.51101505,1
3192,92.23076923,51.75617553,1
3193,93.07692308,50.00532484,1
3194,93.92307692,48.32151929,1
3195,94.76923077,45.93108968,1
3196,95.61538462,43.21923137,1
3197,96.46153846,45.33634413,1
3198,97.30769231,44.70646408,1
3199,98.15384615,43.80813028,1
3200,0,48.39506676,1
3201,0.9705882353,49.7258335,1
3202,1.941176471,52.70018964,1
3203,2.911764706,55.20501125,1
3204,3.882352941,56.31999865,1
3205,4.852941176,58.12958897,1
3206,5.823529412,58.98369047,1
3207,6.794117647,58.22423809,1
3208,7.764705882,60.43489712,1
3209,8.735294118,67.10218628,1
3210,9.705882353,70.04894845,1
3211,10.67647059,80.56809911,1
3212,11.64705882,87.24324299,1
3213,12.61764706,110.4299867,1
3214,13.58823529,125.3422294,1
3215,14.55882353,146.222227,1
3216,15.52941176,143.9967328,1
3217,16.5,144.2992555,1
3218,17.47058824,153.2435895,1
3219,18.44117647,160.9683286,1
3220,19.41176471,172.2295483,1
3221,20.38235294,173.1285105,1
3222,21.35294118,178.5007275,1
3223,22.32352941,177.8222985,1
3224,23.29411765,281.4972276,1
3225,24.26470588,202.0047098,1
3226,25.23529412,311.1640482,1
3227,26.20588235,353.5360866,1
3228,27.17647059,348.7164592,1
3229,28.14705882,314.0744091,1
3230,29.11764706,351.6934381,1
3231,30.08823529,349.2944161,1
3232,31.05882353,350.1875317,1
3233,32.02941176,351.3660262,1
3234,33,350.5516081,1
3235,33.97058824,348.1079986,1
3236,34.94117647,349.5872673,1
3237,35.91176471,350.0873601,1
3238,36.88235294,352.77325,1
3239,37.85294118,353.7676436,1
3240,38.82352941,353.3946607,1
3241,39.79411765,352.0842889,1
3242,40.76470588,351.6643142,1
3243,41.73529412,350.3617734,1
3244,42.70588235,349.3776934,1
3245,43.67647059,351.8299089,1
3246,44.64705882,349.831983,1
3247,45.61764706,349.5712473,1
3248,46.58823529,348.9956536,1
3249,47.55882353,349.6427184,1
3250,48.52941176,348.5601744,1
3251,49.5,347.8147003,1
3252,50.47058824,345.680512,1
3253,51.44117647,343.2731163,1
3254,52.41176471,341.135308,1
3255,53.38235294,341.341088,1
3256,54.35294118,339.9238374,1
3257,55.32352941,338.2682405,1
3258,56.29411765,337.6581953,1
3259,57.26470588,336.2328031,1
3260,58.23529412,337.1146489,1
3261,59.20588235,335.342406,1
3262,60.17647059,334.8130527,1
3263,61.14705882,331.7231434,1
3264,62.11764706,330.8583185,1
3265,63.08823529,329.3261842,1
3266,64.05882353,328.839984,1
3267,65.02941176,325.7407173,1
3268,66,322.1928302,1
3269,66.97058824,321.9679121,1
3270,67.94117647,319.1570024,1
3271,68.91176471,315.4269131,1
3272,69.88235294,312.5534662,1
3273,70.85294118,302.3476336,1
3274,71.82352941,296.7649648,1
3275,72.79411765,286.6930176,1
3276,73.76470588,252.0814575,1
3277,74.73529412,251.2652362,1
3278,75.70588235,224.8223228,1
3279,76.67647059,213.2097444,1
3280,77.64705882,101.0087789,1
3281,78.61764706,115.8628831,1
3282,79.58823529,104.0102919,1
3283,80.55882353,91.44563982,1
3284,81.52941176,81.6992604,1
3285,82.5,72.05066197,1
3286,83.47058824,69.75145637,1
3287,84.44117647,67.30922661,1
3288,85.41176471,62.29739772,1
3289,86.38235294,59.71949309,1
3290,87.35294118,57.18434543,1
3291,88.32352941,53.23797141,1
3292,89.29411765,51.16503632,1
3293,90.26470588,47.57314912,1
3294,91.23529412,46.58135101,1
3295,92.20588235,45.3859313,1
3296,93.17647059,44.43478648,1
3297,94.14705882,44.37186678,1
3298,95.11764706,44.52450784,1
3299,96.08823529,44.50926286,1
3300,97.05882353,45.69189645,1
3301,98.02941176,48.09199761,1