,NoUse,1,0
0,0,292.3746149,0
1,1,276.3259789,1.333333333
2,2,265.23591,2.666666667
3,3,254.9023529,4
4,4,238.9366901,5.333333333
5,5,223.1239552,6.666666667
6,6,212.4688055,8
7,7,198.3354502,9.333333333
8,8,191.263609,10.66666667
9,9,180.559036,12
10,10,174.2432966,13.33333333
11,11,168.3934309,14.66666667
12,12,165.6329416,16
13,13,167.0424194,17.33333333
14,14,161.0829155,18.66666667
15,15,157.6485597,20
16,16,160.1718775,21.33333333
17,17,159.5098136,22.66666667
18,18,161.1101543,24
19,19,161.866065,25.33333333
20,20,162.1789423,26.66666667
21,21,166.4418546,28
22,22,171.4939542,29.33333333
23,23,173.9928199,30.66666667
24,24,185.3599759,32
25,25,198.6810305,33.33333333
26,26,215.1360217,34.66666667
27,27,225.9818157,36
28,28,233.5408953,37.33333333
29,29,238.6308069,38.66666667
30,30,244.9213838,40
31,0,266.4786083,0
32,0.333333333,265.325044,0.444444444
33,0.666666667,261.9394832,0.888888889
34,1,259.6325458,1.333333333
35,1.333333333,249.580611,1.777777778
36,1.666666667,244.4888689,2.222222222
37,2,233.5592002,2.666666667
38,2.333333333,223.6810801,3.111111111
39,2.666666667,215.4757553,3.555555556
40,3,208.8926004,4
41,3.333333333,201.3794196,4.444444444
42,3.666666667,190.0108157,4.888888889
43,4,182.9816221,5.333333333
44,4.333333333,177.6713686,5.777777778
45,4.666666667,165.9476221,6.222222222
46,5,155.8280785,6.666666667
47,5.333333333,152.9713928,7.111111111
48,5.666666667,146.4094015,7.555555556
49,6,138.7223788,8
50,6.333333333,130.8512924,8.444444444
51,6.666666667,125.503227,8.888888889
52,7,125.3476353,9.333333333
53,7.333333333,119.3408118,9.777777778
54,7.666666667,115.9671901,10.22222222
55,8,113.4215239,10.66666667
56,8.333333333,111.249114,11.11111111
57,8.666666667,110.6552563,11.55555556
58,9,110.2052835,12
59,9.333333333,111.1562917,12.44444444
60,9.666666667,111.7127745,12.88888889
61,10,111.2805602,13.33333333
62,10.33333333,109.4900397,13.77777778
63,10.66666667,109.6839488,14.22222222
64,11,111.799986,14.66666667
65,11.33333333,117.9392333,15.11111111
66,11.66666667,116.956369,15.55555556
67,12,116.6924505,16
68,12.33333333,116.9177921,16.44444444
69,12.66666667,117.5983522,16.88888889
70,13,118.7561239,17.33333333
71,13.33333333,122.5557308,17.77777778
72,13.66666667,121.8995682,18.22222222
73,14,122.9479203,18.66666667
74,14.33333333,119.9883447,19.11111111
75,14.66666667,118.782707,19.55555556
76,15,118.6691619,20
77,15.33333333,120.3855338,20.44444444
78,15.66666667,123.0344997,20.88888889
79,16,124.3719054,21.33333333
80,16.33333333,125.1681142,21.77777778
81,16.66666667,124.8479696,22.22222222
82,17,124.1969706,22.66666667
83,17.33333333,124.7557074,23.11111111
84,17.66666667,124.7056558,23.55555556
85,18,123.5566267,24
86,18.33333333,122.7034268,24.44444444
87,18.66666667,123.8237964,24.88888889
88,19,121.71906,25.33333333
89,19.33333333,120.0032345,25.77777778
90,19.66666667,121.8379052,26.22222222
91,20,124.2658189,26.66666667
92,20.33333333,123.1271718,27.11111111
93,20.66666667,122.7553089,27.55555556
94,21,126.702366,28
95,21.33333333,133.2517797,28.44444444
96,21.66666667,133.4067431,28.88888889
97,22,140.8009146,29.33333333
98,22.33333333,157.1112151,29.77777778
99,22.66666667,161.1234422,30.22222222
100,23,169.2947731,30.66666667
101,23.33333333,178.6405005,31.11111111
102,23.66666667,190.7518056,31.55555556
103,24,194.6688371,32
104,24.33333333,203.5089187,32.44444444
105,24.66666667,214.3083667,32.88888889
106,25,221.1361516,33.33333333
107,25.33333333,232.1887911,33.77777778
108,25.66666667,240.990446,34.22222222
109,26,253.8475941,34.66666667
110,26.33333333,267.293286,35.11111111
111,26.66666667,277.8690826,35.55555556
112,27,289.7557291,36
113,27.33333333,294.933955,36.44444444
114,27.66666667,306.7307163,36.88888889
115,28,311.4892681,37.33333333
116,28.33333333,314.8436833,37.77777778
117,28.66666667,313.3578849,38.22222222
118,29,311.9716707,38.66666667
119,29.33333333,309.4260592,39.11111111
120,29.66666667,307.7014774,39.55555556
121,30,308.610275,40
122,30.33333333,309.746477,40.44444444
123,30.66666667,305.8240906,40.88888889
124,0,308.9986942,0
125,0.939393939,303.9607604,1.252525253
126,1.878787879,293.5118414,2.505050505
127,2.818181818,277.7931445,3.757575758
128,3.757575758,265.8686451,5.01010101
129,4.696969697,250.8085971,6.262626263
130,5.636363636,238.9204069,7.515151515
131,6.575757576,225.3837097,8.767676768
132,7.515151515,211.808818,10.02020202
133,8.454545455,204.1739232,11.27272727
134,9.393939394,200.4193683,12.52525253
135,10.33333333,195.5733217,13.77777778
136,11.27272727,197.6264766,15.03030303
137,12.21212121,195.2117042,16.28282828
138,13.15151515,195.5144728,17.53535354
139,14.09090909,198.3132111,18.78787879
140,15.03030303,199.3165659,20.04040404
141,15.96969697,197.5007465,21.29292929
142,16.90909091,197.3069877,22.54545455
143,17.84848485,197.2355712,23.7979798
144,18.78787879,195.7921337,25.05050505
145,19.72727273,196.6241873,26.3030303
146,20.66666667,195.0717126,27.55555556
147,21.60606061,199.1659193,28.80808081
148,22.54545455,202.5867785,30.06060606
149,23.48484848,209.7822462,31.31313131
150,24.42424242,218.2318186,32.56565657
151,25.36363636,229.4283018,33.81818182
152,26.3030303,240.8723657,35.07070707
153,27.24242424,252.2029119,36.32323232
154,28.18181818,261.5431956,37.57575758
155,29.12121212,268.3093722,38.82828283
156,30.06060606,276.9667736,40.08080808
157,0,276.4654104,0
158,0.939393939,271.8992377,1.252525253
159,1.878787879,264.3217029,2.505050505
160,2.818181818,254.8970117,3.757575758
161,3.757575758,240.0212695,5.01010101
162,4.696969697,232.2461373,6.262626263
163,5.636363636,222.4876002,7.515151515
164,6.575757576,210.7665584,8.767676768
165,7.515151515,197.9697892,10.02020202
166,8.454545455,189.2825262,11.27272727
167,9.393939394,183.9885832,12.52525253
168,10.33333333,178.8287032,13.77777778
169,11.27272727,177.7906783,15.03030303
170,12.21212121,176.4532726,16.28282828
171,13.15151515,180.0954574,17.53535354
172,14.09090909,180.6431019,18.78787879
173,15.03030303,180.4416387,20.04040404
174,15.96969697,181.3977285,21.29292929
175,16.90909091,184.3286447,22.54545455
176,17.84848485,185.7317021,23.7979798
177,18.78787879,186.3779746,25.05050505
178,19.72727273,188.5594278,26.3030303
179,20.66666667,190.6743276,27.55555556
180,21.60606061,193.891975,28.80808081
181,22.54545455,198.1203812,30.06060606
182,23.48484848,205.9195557,31.31313131
183,24.42424242,221.317097,32.56565657
184,25.36363636,234.356256,33.81818182
185,26.3030303,244.318524,35.07070707
186,27.24242424,256.4807687,36.32323232
187,28.18181818,271.7997628,37.57575758
188,29.12121212,273.5374449,38.82828283
189,30.06060606,274.2396157,40.08080808
190,0,274.3068794,0
191,0.96875,266.3714017,1.291666667
192,1.9375,250.4127193,2.583333333
193,2.90625,241.767503,3.875
194,3.875,231.5100342,5.166666667
195,4.84375,220.6996479,6.458333333
196,5.8125,207.1377609,7.75
197,6.78125,201.3465801,9.041666667
198,7.75,195.5730758,10.33333333
199,8.71875,194.4050588,11.625
200,9.6875,195.17881,12.91666667
201,10.65625,197.0172237,14.20833333
202,11.625,197.0561285,15.5
203,12.59375,199.9175679,16.79166667
204,13.5625,202.6392071,18.08333333
205,14.53125,199.9120764,19.375
206,15.5,200.1892455,20.66666667
207,16.46875,197.659562,21.95833333
208,17.4375,192.4840545,23.25
209,18.40625,195.2759899,24.54166667
210,19.375,196.0942739,25.83333333
211,20.34375,197.6791783,27.125
212,21.3125,204.6493864,28.41666667
213,22.28125,213.3093832,29.70833333
214,23.25,223.2349322,31
215,24.21875,239.002096,32.29166667
216,25.1875,259.569107,33.58333333
217,26.15625,274.2332499,34.875
218,27.125,285.9881694,36.16666667
219,28.09375,287.7770233,37.45833333
220,29.0625,304.9242952,38.75
221,30.03125,317.0124049,40.04166667
222,0,319.0630463,0
223,0.756097561,319.4607819,1.008130081
224,1.512195122,314.5078565,2.016260163
225,2.268292683,314.3389459,3.024390244
226,3.024390244,305.1967377,4.032520325
227,3.780487805,300.0402045,5.040650407
228,4.536585366,292.1867027,6.048780488
229,5.292682927,279.1567235,7.056910569
230,6.048780488,276.0321305,8.06504065
231,6.804878049,264.5474543,9.073170732
232,7.56097561,243.5413578,10.08130081
233,8.317073171,228.2161345,11.08943089
234,9.073170732,217.4423307,12.09756098
235,9.829268293,199.5050518,13.10569106
236,10.58536585,186.0900412,14.11382114
237,11.34146341,169.6495573,15.12195122
238,12.09756098,161.9780801,16.1300813
239,12.85365854,161.9926967,17.13821138
240,13.6097561,162.6614268,18.14634146
241,14.36585366,160.9222421,19.15447154
242,15.12195122,162.2254968,20.16260163
243,15.87804878,165.195427,21.17073171
244,16.63414634,165.9689596,22.17886179
245,17.3902439,168.9163775,23.18699187
246,18.14634146,172.4063309,24.19512195
247,18.90243902,170.332385,25.20325203
248,19.65853659,179.0936599,26.21138211
249,20.41463415,182.4263824,27.2195122
250,21.17073171,196.9850125,28.22764228
251,21.92682927,206.4604247,29.23577236
252,22.68292683,226.4963748,30.24390244
253,23.43902439,239.8763875,31.25203252
254,24.19512195,253.091984,32.2601626
255,24.95121951,274.3989367,33.26829268
256,25.70731707,285.0478709,34.27642276
257,26.46341463,291.0131942,35.28455285
258,27.2195122,303.4780436,36.29268293
259,27.97560976,315.1037359,37.30081301
260,28.73170732,318.8761586,38.30894309
261,29.48780488,319.3083047,39.31707317
262,30.24390244,319.2255092,40.32520325
263,0,320.1002515,0
264,0.738095238,319.6245152,0.984126984
265,1.476190476,314.2518474,1.968253968
266,2.214285714,303.1832799,2.952380952
267,2.952380952,291.3478735,3.936507937
268,3.69047619,289.8099335,4.920634921
269,4.428571429,278.3203805,5.904761905
270,5.166666667,270.9553875,6.888888889
271,5.904761905,259.8284766,7.873015873
272,6.642857143,250.918891,8.857142857
273,7.380952381,243.2124978,9.841269841
274,8.119047619,236.8511465,10.82539683
275,8.857142857,227.9113578,11.80952381
276,9.595238095,224.5123278,12.79365079
277,10.33333333,221.722701,13.77777778
278,11.07142857,219.4897209,14.76190476
279,11.80952381,215.1614027,15.74603175
280,12.54761905,217.4523437,16.73015873
281,13.28571429,217.0454147,17.71428571
282,14.02380952,216.1421905,18.6984127
283,14.76190476,219.6997082,19.68253968
284,15.5,221.3794566,20.66666667
285,16.23809524,222.8266508,21.65079365
286,16.97619048,223.919563,22.63492063
287,17.71428571,225.234511,23.61904762
288,18.45238095,228.5595837,24.6031746
289,19.19047619,227.4172209,25.58730159
290,19.92857143,228.1807404,26.57142857
291,20.66666667,228.267757,27.55555556
292,21.4047619,229.1409284,28.53968254
293,22.14285714,228.8548938,29.52380952
294,22.88095238,226.8845618,30.50793651
295,23.61904762,225.5717038,31.49206349
296,24.35714286,229.6362128,32.47619048
297,25.0952381,235.4482803,33.46031746
298,25.83333333,242.3455829,34.44444444
299,26.57142857,253.3175714,35.42857143
300,27.30952381,263.5109458,36.41269841
301,28.04761905,270.883452,37.3968254
302,28.78571429,281.4415037,38.38095238
303,29.52380952,289.4847891,39.36507937
304,30.26190476,293.6196491,40.34920635
305,0,248.2134804,0
306,0.632653061,248.2527813,0.843537415
307,1.265306122,246.0186947,1.68707483
308,1.897959184,244.5011223,2.530612245
309,2.530612245,240.400468,3.37414966
310,3.163265306,236.475773,4.217687075
311,3.795918367,232.7279389,5.06122449
312,4.428571429,229.7313163,5.904761905
313,5.06122449,231.4113789,6.74829932
314,5.693877551,232.9696183,7.591836735
315,6.326530612,235.7339871,8.43537415
316,6.959183673,240.6836066,9.278911565
317,7.591836735,239.6664275,10.12244898
318,8.224489796,241.0607423,10.96598639
319,8.857142857,238.0575628,11.80952381
320,9.489795918,236.2696788,12.65306122
321,10.12244898,230.9152203,13.49659864
322,10.75510204,227.1032235,14.34013605
323,11.3877551,217.8871126,15.18367347
324,12.02040816,207.8950923,16.02721088
325,12.65306122,200.2279864,16.8707483
326,13.28571429,192.5935561,17.71428571
327,13.91836735,187.3596367,18.55782313
328,14.55102041,181.8269103,19.40136054
329,15.18367347,181.4157056,20.24489796
330,15.81632653,176.3258213,21.08843537
331,16.44897959,173.6967722,21.93197279
332,17.08163265,172.3941732,22.7755102
333,17.71428571,170.276432,23.61904762
334,18.34693878,169.6915766,24.46258503
335,18.97959184,169.8529057,25.30612245
336,19.6122449,174.7769803,26.14965986
337,20.24489796,173.3526946,26.99319728
338,20.87755102,177.9683725,27.83673469
339,21.51020408,194.7273072,28.68027211
340,22.14285714,208.5825098,29.52380952
341,22.7755102,223.873227,30.36734694
342,23.40816327,234.9274784,31.21088435
343,24.04081633,253.3378981,32.05442177
344,24.67346939,267.9009816,32.89795918
345,25.30612245,281.5040546,33.7414966
346,25.93877551,294.6051088,34.58503401
347,26.57142857,305.7961825,35.42857143
348,27.20408163,312.5312544,36.27210884
349,27.83673469,320.1222447,37.11564626
350,28.46938776,329.9447261,37.95918367
351,29.10204082,328.8237145,38.80272109
352,29.73469388,329.6524077,39.6462585
353,30.36734694,329.7619639,40.48979592
354,0,333.4038208,0
355,0.240310078,333.1061201,0.320413437
356,0.480620155,332.609019,0.640826873
357,0.720930233,332.3175065,0.96124031
358,0.96124031,331.5320211,1.281653747
359,1.201550388,333.5269144,1.602067183
360,1.441860465,328.293883,1.92248062
361,1.682170543,324.5637528,2.242894057
362,1.92248062,320.598145,2.563307494
363,2.162790698,318.1430881,2.88372093
364,2.403100775,317.2683458,3.204134367
365,2.643410853,313.308325,3.524547804
366,2.88372093,309.737871,3.84496124
367,3.124031008,303.5031787,4.165374677
368,3.364341085,297.0073682,4.485788114
369,3.604651163,290.567538,4.80620155
370,3.84496124,281.9870719,5.126614987
371,4.085271318,280.1608433,5.447028424
372,4.325581395,276.3171953,5.76744186
373,4.565891473,269.8761903,6.087855297
374,4.80620155,267.2768252,6.408268734
375,5.046511628,260.6630847,6.728682171
376,5.286821705,255.8650954,7.049095607
377,5.527131783,249.7255613,7.369509044
378,5.76744186,245.0238913,7.689922481
379,6.007751938,240.0623053,8.010335917
380,6.248062016,235.9052609,8.330749354
381,6.488372093,229.2412639,8.651162791
382,6.728682171,224.6503932,8.971576227
383,6.968992248,218.5995833,9.291989664
384,7.209302326,216.2946403,9.612403101
385,7.449612403,211.5028801,9.932816537
386,7.689922481,208.8330138,10.25322997
387,7.930232558,204.1905069,10.57364341
388,8.170542636,197.855124,10.89405685
389,8.410852713,193.4121952,11.21447028
390,8.651162791,191.1276882,11.53488372
391,8.891472868,189.7671965,11.85529716
392,9.131782946,181.548867,12.17571059
393,9.372093023,195.3202769,12.49612403
394,9.612403101,175.9896121,12.81653747
395,9.852713178,176.0892236,13.1369509
396,10.09302326,173.6536601,13.45736434
397,10.33333333,85.03954028,13.77777778
398,10.57364341,170.3283415,14.09819121
399,10.81395349,165.0174596,14.41860465
400,11.05426357,167.1235074,14.73901809
401,11.29457364,170.7301752,15.05943152
402,11.53488372,170.218676,15.37984496
403,11.7751938,168.5669723,15.7002584
404,12.01550388,168.1050603,16.02067183
405,12.25581395,171.9894435,16.34108527
406,12.49612403,176.924583,16.66149871
407,12.73643411,180.1925007,16.98191214
408,12.97674419,176.296069,17.30232558
409,13.21705426,174.6367975,17.62273902
410,13.45736434,174.6946902,17.94315245
411,13.69767442,173.5613705,18.26356589
412,13.9379845,177.4044721,18.58397933
413,14.17829457,176.0428056,18.90439276
414,14.41860465,172.6838278,19.2248062
415,14.65891473,172.9507516,19.54521964
416,14.89922481,171.8030066,19.86563307
417,15.13953488,170.8031762,20.18604651
418,15.37984496,173.375043,20.50645995
419,15.62015504,190.6143585,20.82687339
420,15.86046512,175.2365427,21.14728682
421,16.10077519,192.3753725,21.46770026
422,16.34108527,176.6475232,21.7881137
423,16.58139535,183.7973106,22.10852713
424,16.82170543,184.5651878,22.42894057
425,17.0620155,182.0208877,22.74935401
426,17.30232558,187.4555872,23.06976744
427,17.54263566,189.0308474,23.39018088
428,17.78294574,191.5899007,23.71059432
429,18.02325581,196.4033263,24.03100775
430,18.26356589,197.6831398,24.35142119
431,18.50387597,200.7345678,24.67183463
432,18.74418605,208.5077875,24.99224806
433,18.98449612,211.2948326,25.3126615
434,19.2248062,216.2136616,25.63307494
435,19.46511628,217.3110271,25.95348837
436,19.70542636,218.1538451,26.27390181
437,19.94573643,223.2409974,26.59431525
438,20.18604651,224.0670951,26.91472868
439,20.42635659,225.0382114,27.23514212
440,20.66666667,225.8365512,27.55555556
441,20.90697674,231.0592144,27.87596899
442,21.14728682,237.3487121,28.19638243
443,21.3875969,242.9651493,28.51679587
444,21.62790698,248.6449707,28.8372093
445,21.86821705,252.4618444,29.15762274
446,22.10852713,256.170118,29.47803618
447,22.34883721,257.0074445,29.79844961
448,22.58914729,258.7487193,30.11886305
449,22.82945736,261.3763477,30.43927649
450,23.06976744,263.744989,30.75968992
451,23.31007752,265.3572279,31.08010336
452,23.5503876,269.2133341,31.4005168
453,23.79069767,271.8280808,31.72093023
454,24.03100775,273.4787872,32.04134367
455,24.27131783,274.3850714,32.36175711
456,24.51162791,274.0359121,32.68217054
457,24.75193798,277.4897612,33.00258398
458,24.99224806,282.1853933,33.32299742
459,25.23255814,288.3915081,33.64341085
460,25.47286822,288.7610623,33.96382429
461,25.71317829,292.9309064,34.28423773
462,25.95348837,301.4371148,34.60465116
463,26.19379845,306.658084,34.9250646
464,26.43410853,312.8861784,35.24547804
465,26.6744186,315.5750053,35.56589147
466,26.91472868,318.8758581,35.88630491
467,27.15503876,322.6625423,36.20671835
468,27.39534884,326.2359197,36.52713178
469,27.63565891,327.3753592,36.84754522
470,27.87596899,328.7549345,37.16795866
471,28.11627907,330.0383133,37.48837209
472,28.35658915,332.207076,37.80878553
473,28.59689922,330.4251479,38.12919897
474,28.8372093,327.9438632,38.4496124
475,29.07751938,328.2750044,38.77002584
476,29.31782946,331.1618112,39.09043928
477,29.55813953,331.8411691,39.41085271
478,29.79844961,334.6662719,39.73126615
479,30.03875969,335.1958165,40.05167959
480,30.27906977,336.7649705,40.37209302
481,30.51937984,337.2037828,40.69250646
482,30.75968992,340.6359392,41.0129199
483,0,330.2386155,0
484,0.240310078,329.3132068,0.320413437
485,0.480620155,327.6679372,0.640826873
486,0.720930233,323.2007612,0.96124031
487,0.96124031,316.6095467,1.281653747
488,1.201550388,311.7466023,1.602067183
489,1.441860465,308.8915149,1.92248062
490,1.682170543,306.1436615,2.242894057
491,1.92248062,300.8607834,2.563307494
492,2.162790698,296.2897749,2.88372093
493,2.403100775,291.7939122,3.204134367
494,2.643410853,279.3175471,3.524547804
495,2.88372093,270.0863416,3.84496124
496,3.124031008,266.3092333,4.165374677
497,3.364341085,261.1507466,4.485788114
498,3.604651163,259.8417681,4.80620155
499,3.84496124,249.4818738,5.126614987
500,4.085271318,240.7608151,5.447028424
501,4.325581395,237.83203,5.76744186
502,4.565891473,231.5101981,6.087855297
503,4.80620155,224.6338369,6.408268734
504,5.046511628,221.0288357,6.728682171
505,5.286821705,218.6238988,7.049095607
506,5.527131783,213.1645832,7.369509044
507,5.76744186,214.1124769,7.689922481
508,6.007751938,207.6325944,8.010335917
509,6.248062016,202.8908859,8.330749354
510,6.488372093,198.3709126,8.651162791
511,6.728682171,192.8618459,8.971576227
512,6.968992248,192.3237636,9.291989664
513,7.209302326,187.3326712,9.612403101
514,7.449612403,184.0579506,9.932816537
515,7.689922481,186.1372788,10.25322997
516,7.930232558,196.32426,10.57364341
517,8.170542636,175.971717,10.89405685
518,8.410852713,176.1026654,11.21447028
519,8.651162791,181.0915721,11.53488372
520,8.891472868,184.1840086,11.85529716
521,9.131782946,185.715419,12.17571059
522,9.372093023,189.8343782,12.49612403
523,9.612403101,191.8179744,12.81653747
524,9.852713178,193.762338,13.1369509
525,10.09302326,193.6624534,13.45736434
526,10.33333333,194.3075511,13.77777778
527,10.57364341,195.7014014,14.09819121
528,10.81395349,195.6451207,14.41860465
529,11.05426357,195.6536994,14.73901809
530,11.29457364,194.2619254,15.05943152
531,11.53488372,194.6585408,15.37984496
532,11.7751938,195.637143,15.7002584
533,12.01550388,190.5853165,16.02067183
534,12.25581395,191.3880277,16.34108527
535,12.49612403,196.6007461,16.66149871
536,12.73643411,194.9013404,16.98191214
537,12.97674419,194.1956179,17.30232558
538,13.21705426,192.2703242,17.62273902
539,13.45736434,192.4979607,17.94315245
540,13.69767442,189.5694762,18.26356589
541,13.9379845,190.8233896,18.58397933
542,14.17829457,188.8147402,18.90439276
543,14.41860465,186.4571229,19.2248062
544,14.65891473,183.9132872,19.54521964
545,14.89922481,182.8980206,19.86563307
546,15.13953488,180.5911105,20.18604651
547,15.37984496,179.4065918,20.50645995
548,15.62015504,187.5934751,20.82687339
549,15.86046512,188.5889615,21.14728682
550,16.10077519,187.7104626,21.46770026
551,16.34108527,187.2984109,21.7881137
552,16.58139535,184.6706459,22.10852713
553,16.82170543,190.3047324,22.42894057
554,17.0620155,191.6223851,22.74935401
555,17.30232558,201.5526879,23.06976744
556,17.54263566,110.6469235,23.39018088
557,17.78294574,190.3990709,23.71059432
558,18.02325581,192.0830131,24.03100775
559,18.26356589,197.2339046,24.35142119
560,18.50387597,203.2959707,24.67183463
561,18.74418605,206.0424171,24.99224806
562,18.98449612,207.1595082,25.3126615
563,19.2248062,210.7387186,25.63307494
564,19.46511628,217.8793808,25.95348837
565,19.70542636,220.6501154,26.27390181
566,19.94573643,223.7813746,26.59431525
567,20.18604651,227.7385813,26.91472868
568,20.42635659,230.4247718,27.23514212
569,20.66666667,232.7722258,27.55555556
570,20.90697674,235.8881308,27.87596899
571,21.14728682,239.8409525,28.19638243
572,21.3875969,241.7131074,28.51679587
573,21.62790698,246.5714482,28.8372093
574,21.86821705,249.6398424,29.15762274
575,22.10852713,256.6204733,29.47803618
576,22.34883721,260.1221611,29.79844961
577,22.58914729,263.6569616,30.11886305
578,22.82945736,272.5837319,30.43927649
579,23.06976744,281.4635516,30.75968992
580,23.31007752,288.0338384,31.08010336
581,23.5503876,297.5984118,31.4005168
582,23.79069767,301.0945808,31.72093023
583,24.03100775,304.4670413,32.04134367
584,24.27131783,304.7129964,32.36175711
585,24.51162791,310.4721573,32.68217054
586,24.75193798,313.4116385,33.00258398
587,24.99224806,318.4171016,33.32299742
588,25.23255814,324.8772585,33.64341085
589,25.47286822,325.124566,33.96382429
590,25.71317829,331.1368946,34.28423773
591,25.95348837,329.7426071,34.60465116
592,26.19379845,330.681321,34.9250646
593,26.43410853,334.3044495,35.24547804
594,26.6744186,333.7170669,35.56589147
595,26.91472868,335.3084463,35.88630491
596,27.15503876,337.7312647,36.20671835
597,27.39534884,338.4441862,36.52713178
598,27.63565891,338.6351309,36.84754522
599,27.87596899,339.6367645,37.16795866
600,28.11627907,339.167312,37.48837209
601,28.35658915,339.5045184,37.80878553
602,28.59689922,340.6648719,38.12919897
603,28.8372093,340.6962635,38.4496124
604,29.07751938,339.4194279,38.77002584
605,29.31782946,340.0045156,39.09043928
606,29.55813953,337.3406462,39.41085271
607,29.79844961,336.6166188,39.73126615
608,30.03875969,336.9375284,40.05167959
609,30.27906977,338.8298733,40.37209302
610,30.51937984,335.6654876,40.69250646
611,30.75968992,335.5558904,41.0129199
612,0,338.8220049,0
613,0.236641221,334.9468424,0.315521628
614,0.473282443,332.7238754,0.631043257
615,0.709923664,332.4771007,0.946564885
616,0.946564885,330.8006308,1.262086514
617,1.183206107,330.4247245,1.577608142
618,1.419847328,327.8260014,1.893129771
619,1.65648855,323.7180934,2.208651399
620,1.893129771,318.5964761,2.524173028
621,2.129770992,318.411337,2.839694656
622,2.366412214,313.6042498,3.155216285
623,2.603053435,310.1864505,3.470737913
624,2.839694656,306.0840886,3.786259542
625,3.076335878,303.379402,4.10178117
626,3.312977099,294.6905134,4.417302799
627,3.549618321,291.2010244,4.732824427
628,3.786259542,283.1805519,5.048346056
629,4.022900763,272.6345759,5.363867684
630,4.259541985,266.3121703,5.679389313
631,4.496183206,264.1293238,5.994910941
632,4.732824427,259.312688,6.31043257
633,4.969465649,249.9243335,6.625954198
634,5.20610687,237.675482,6.941475827
635,5.442748092,232.2799604,7.256997455
636,5.679389313,223.718974,7.572519084
637,5.916030534,220.6261824,7.888040712
638,6.152671756,212.4899244,8.203562341
639,6.389312977,206.6153061,8.519083969
640,6.625954198,202.2022935,8.834605598
641,6.86259542,192.7299413,9.150127226
642,7.099236641,186.48499,9.465648855
643,7.335877863,176.9538435,9.781170483
644,7.572519084,174.1929172,10.09669211
645,7.809160305,175.4820744,10.41221374
646,8.045801527,188.4016504,10.72773537
647,8.282442748,180.3214,11.043257
648,8.519083969,178.1605194,11.35877863
649,8.755725191,173.4390282,11.67430025
650,8.992366412,173.5170016,11.98982188
651,9.229007634,175.5152418,12.30534351
652,9.465648855,174.2775569,12.62086514
653,9.702290076,179.4422181,12.93638677
654,9.938931298,183.6421833,13.2519084
655,10.17557252,184.0264771,13.56743003
656,10.41221374,188.1431414,13.88295165
657,10.64885496,191.3421015,14.19847328
658,10.88549618,191.9653972,14.51399491
659,11.1221374,190.1486762,14.82951654
660,11.35877863,189.7606395,15.14503817
661,11.59541985,190.2378238,15.4605598
662,11.83206107,187.7496405,15.77608142
663,12.06870229,189.3092733,16.09160305
664,12.30534351,188.7075063,16.40712468
665,12.54198473,188.8647646,16.72264631
666,12.77862595,187.842176,17.03816794
667,13.01526718,188.2868213,17.35368957
668,13.2519084,190.0764401,17.6692112
669,13.48854962,188.914379,17.98473282
670,13.72519084,185.7672464,18.30025445
671,13.96183206,184.9489898,18.61577608
672,14.19847328,183.8811307,18.93129771
673,14.4351145,182.8678311,19.24681934
674,14.67175573,181.0950146,19.56234097
675,14.90839695,179.6631337,19.8778626
676,15.14503817,178.3251543,20.19338422
677,15.38167939,176.4514695,20.50890585
678,15.61832061,179.433776,20.82442748
679,15.85496183,183.931073,21.13994911
680,16.09160305,187.1499499,21.45547074
681,16.32824427,198.4999758,21.77099237
682,16.5648855,104.647019,22.08651399
683,16.80152672,197.0579316,22.40203562
684,17.03816794,187.2421848,22.71755725
685,17.27480916,183.6796401,23.03307888
686,17.51145038,188.8444652,23.34860051
687,17.7480916,192.1787177,23.66412214
688,17.98473282,192.5354175,23.97964377
689,18.22137405,192.4501221,24.29516539
690,18.45801527,195.4340951,24.61068702
691,18.69465649,202.104212,24.92620865
692,18.93129771,206.6223275,25.24173028
693,19.16793893,207.5782534,25.55725191
694,19.40458015,209.3754401,25.87277354
695,19.64122137,212.1973738,26.18829517
696,19.8778626,216.6132004,26.50381679
697,20.11450382,220.2681439,26.81933842
698,20.35114504,221.1286111,27.13486005
699,20.58778626,229.101245,27.45038168
700,20.82442748,229.6807729,27.76590331
701,21.0610687,230.5156133,28.08142494
702,21.29770992,238.3749207,28.39694656
703,21.53435115,238.9461021,28.71246819
704,21.77099237,243.3929241,29.02798982
705,22.00763359,249.2472158,29.34351145
706,22.24427481,254.0674989,29.65903308
707,22.48091603,261.601744,29.97455471
708,22.71755725,268.3863211,30.29007634
709,22.95419847,269.8886212,30.60559796
710,23.19083969,274.2322391,30.92111959
711,23.42748092,278.1842821,31.23664122
712,23.66412214,291.8860378,31.55216285
713,23.90076336,298.5082887,31.86768448
714,24.13740458,302.6845122,32.18320611
715,24.3740458,312.6355241,32.49872774
716,24.61068702,311.5500431,32.81424936
717,24.84732824,318.8603263,33.12977099
718,25.08396947,329.2403697,33.44529262
719,25.32061069,332.3330247,33.76081425
720,25.55725191,338.4697584,34.07633588
721,25.79389313,338.1785191,34.39185751
722,26.03053435,335.0479429,34.70737913
723,26.26717557,335.5533359,35.02290076
724,26.50381679,340.2706744,35.33842239
725,26.74045802,339.5152828,35.65394402
726,26.97709924,337.2757457,35.96946565
727,27.21374046,340.9462757,36.28498728
728,27.45038168,341.0675799,36.60050891
729,27.6870229,337.4137292,36.91603053
730,27.92366412,336.4601528,37.23155216
731,28.16030534,337.8542901,37.54707379
732,28.39694656,340.54589,37.86259542
733,28.63358779,338.8740919,38.17811705
734,28.87022901,336.8665354,38.49363868
735,29.10687023,340.1783439,38.80916031
736,29.34351145,340.0734868,39.12468193
737,29.58015267,339.0595179,39.44020356
738,29.81679389,337.1696729,39.75572519
739,30.05343511,340.0715334,40.07124682
740,30.29007634,338.02234,40.38676845
741,30.52671756,337.8066427,40.70229008
742,30.76335878,336.1305962,41.0178117
743,0,300.9936716,0
744,0.316326531,296.8698629,0.421768707
745,0.632653061,289.8881391,0.843537415
746,0.948979592,283.9624446,1.265306122
747,1.265306122,277.7660833,1.68707483
748,1.581632653,268.8649398,2.108843537
749,1.897959184,262.2933416,2.530612245
750,2.214285714,253.4972327,2.952380952
751,2.530612245,252.1162778,3.37414966
752,2.846938776,247.75094,3.795918367
753,3.163265306,239.9871869,4.217687075
754,3.479591837,231.4118844,4.639455782
755,3.795918367,224.3866113,5.06122449
756,4.112244898,216.1195143,5.482993197
757,4.428571429,208.9593587,5.904761905
758,4.744897959,197.9811546,6.326530612
759,5.06122449,185.4968802,6.74829932
760,5.37755102,179.0060695,7.170068027
761,5.693877551,171.9660569,7.591836735
762,6.010204082,165.6616284,8.013605442
763,6.326530612,162.5648206,8.43537415
764,6.642857143,152.4788715,8.857142857
765,6.959183673,145.0546471,9.278911565
766,7.275510204,142.1675535,9.700680272
767,7.591836735,137.2818645,10.12244898
768,7.908163265,131.996227,10.54421769
769,8.224489796,131.7680987,10.96598639
770,8.540816327,133.6877097,11.3877551
771,8.857142857,131.6323419,11.80952381
772,9.173469388,133.3228957,12.23129252
773,9.489795918,126.7462158,12.65306122
774,9.806122449,125.9539138,13.07482993
775,10.12244898,126.1688736,13.49659864
776,10.43877551,131.1361423,13.91836735
777,10.75510204,129.8715464,14.34013605
778,11.07142857,130.7503186,14.76190476
779,11.3877551,129.7169383,15.18367347
780,11.70408163,126.6368781,15.60544218
781,12.02040816,131.5368012,16.02721088
782,12.33673469,129.0725236,16.44897959
783,12.65306122,129.7447781,16.8707483
784,12.96938776,130.434354,17.29251701
785,13.28571429,134.2872364,17.71428571
786,13.60204082,135.4670013,18.13605442
787,13.91836735,137.2103934,18.55782313
788,14.23469388,133.1930674,18.97959184
789,14.55102041,133.0631299,19.40136054
790,14.86734694,135.86236,19.82312925
791,15.18367347,134.547412,20.24489796
792,15.5,133.2433649,20.66666667
793,15.81632653,130.309908,21.08843537
794,16.13265306,129.4688658,21.51020408
795,16.44897959,134.3228354,21.93197279
796,16.76530612,134.1783905,22.3537415
797,17.08163265,129.7811147,22.7755102
798,17.39795918,129.2516658,23.19727891
799,17.71428571,129.619813,23.61904762
800,18.03061224,132.8572134,24.04081633
801,18.34693878,134.4448225,24.46258503
802,18.66326531,132.4901317,24.88435374
803,18.97959184,133.0108926,25.30612245
804,19.29591837,130.6784923,25.72789116
805,19.6122449,129.4881269,26.14965986
806,19.92857143,132.0634907,26.57142857
807,20.24489796,128.5982079,26.99319728
808,20.56122449,131.1320442,27.41496599
809,20.87755102,128.2036689,27.83673469
810,21.19387755,129.904987,28.2585034
811,21.51020408,129.1068384,28.68027211
812,21.82653061,132.8204396,29.10204082
813,22.14285714,136.4671869,29.52380952
814,22.45918367,146.6464637,29.94557823
815,22.7755102,152.9120148,30.36734694
816,23.09183673,157.0594149,30.78911565
817,23.40816327,163.1368626,31.21088435
818,23.7244898,176.2040527,31.63265306
819,24.04081633,183.7040102,32.05442177
820,24.35714286,194.3553897,32.47619048
821,24.67346939,202.5042698,32.89795918
822,24.98979592,219.5156756,33.31972789
823,25.30612245,232.717475,33.7414966
824,25.62244898,247.2054264,34.16326531
825,25.93877551,251.818263,34.58503401
826,26.25510204,265.7260034,35.00680272
827,26.57142857,270.8976178,35.42857143
828,26.8877551,281.4017794,35.85034014
829,27.20408163,284.5455925,36.27210884
830,27.52040816,288.3348585,36.69387755
831,27.83673469,292.2618758,37.11564626
832,28.15306122,293.1070707,37.53741497
833,28.46938776,290.3166515,37.95918367
834,28.78571429,292.4571509,38.38095238
835,29.10204082,294.2170037,38.80272109
836,29.41836735,292.614655,39.2244898
837,29.73469388,293.780623,39.6462585
838,30.05102041,296.5952756,40.06802721
839,30.36734694,295.6674627,40.48979592
840,30.68367347,295.5797084,40.91156463
841,0,337.6369808,0
842,0.2421875,339.6717214,0.322916667
843,0.484375,337.8480609,0.645833333
844,0.7265625,337.1073132,0.96875
845,0.96875,338.3532764,1.291666667
846,1.2109375,340.2616312,1.614583333
847,1.453125,340.0899612,1.9375
848,1.6953125,337.6564195,2.260416667
849,1.9375,337.0035217,2.583333333
850,2.1796875,331.0408622,2.90625
851,2.421875,329.0713498,3.229166667
852,2.6640625,324.170129,3.552083333
853,2.90625,313.0552392,3.875
854,3.1484375,306.4227294,4.197916667
855,3.390625,298.9190972,4.520833333
856,3.6328125,292.323648,4.84375
857,3.875,290.1542979,5.166666667
858,4.1171875,276.9238664,5.489583333
859,4.359375,267.8318327,5.8125
860,4.6015625,266.5268978,6.135416667
861,4.84375,260.4727957,6.458333333
862,5.0859375,247.3041363,6.78125
863,5.328125,234.7710943,7.104166667
864,5.5703125,230.4715722,7.427083333
865,5.8125,221.9920563,7.75
866,6.0546875,215.2543752,8.072916667
867,6.296875,206.268633,8.395833333
868,6.5390625,202.7231637,8.71875
869,6.78125,193.8417048,9.041666667
870,7.0234375,192.055064,9.364583333
871,7.265625,183.8691096,9.6875
872,7.5078125,181.7554665,10.01041667
873,7.75,182.1934456,10.33333333
874,7.9921875,183.4544078,10.65625
875,8.234375,181.2760419,10.97916667
876,8.4765625,182.6967212,11.30208333
877,8.71875,184.2611897,11.625
878,8.9609375,188.3536205,11.94791667
879,9.203125,192.2681385,12.27083333
880,9.4453125,194.5161724,12.59375
881,9.6875,193.6351872,12.91666667
882,9.9296875,189.3496533,13.23958333
883,10.171875,187.8324224,13.5625
884,10.4140625,187.056513,13.88541667
885,10.65625,186.8438482,14.20833333
886,10.8984375,185.1262469,14.53125
887,11.140625,187.6758745,14.85416667
888,11.3828125,190.3984699,15.17708333
889,11.625,192.2808973,15.5
890,11.8671875,191.2816133,15.82291667
891,12.109375,191.5254784,16.14583333
892,12.3515625,194.2002078,16.46875
893,12.59375,191.5600392,16.79166667
894,12.8359375,191.8994722,17.11458333
895,13.078125,190.643619,17.4375
896,13.3203125,187.4924429,17.76041667
897,13.5625,187.1851937,18.08333333
898,13.8046875,187.3906458,18.40625
899,14.046875,186.9658627,18.72916667
900,14.2890625,184.9280894,19.05208333
901,14.53125,182.8322868,19.375
902,14.7734375,182.0256688,19.69791667
903,15.015625,183.648631,20.02083333
904,15.2578125,195.9120991,20.34375
905,15.5,204.953685,20.66666667
906,15.7421875,185.6182664,20.98958333
907,15.984375,186.3081701,21.3125
908,16.2265625,185.6194958,21.63541667
909,16.46875,189.7089486,21.95833333
910,16.7109375,190.2495171,22.28125
911,16.953125,191.7402742,22.60416667
912,17.1953125,193.8058054,22.92708333
913,17.4375,197.2342598,23.25
914,17.6796875,201.6482559,23.57291667
915,17.921875,201.6607961,23.89583333
916,18.1640625,207.305565,24.21875
917,18.40625,207.5911488,24.54166667
918,18.6484375,208.8204736,24.86458333
919,18.890625,209.2433716,25.1875
920,19.1328125,213.3479328,25.51041667
921,19.375,214.5829949,25.83333333
922,19.6171875,220.6148443,26.15625
923,19.859375,224.7800849,26.47916667
924,20.1015625,227.3977139,26.80208333
925,20.34375,227.6785576,27.125
926,20.5859375,231.1091704,27.44791667
927,20.828125,233.7336979,27.77083333
928,21.0703125,233.8438552,28.09375
929,21.3125,241.9332717,28.41666667
930,21.5546875,247.4568593,28.73958333
931,21.796875,256.5922373,29.0625
932,22.0390625,262.5180138,29.38541667
933,22.28125,276.9736038,29.70833333
934,22.5234375,284.7548831,30.03125
935,22.765625,290.2917214,30.35416667
936,23.0078125,296.1091574,30.67708333
937,23.25,299.214216,31
938,23.4921875,302.1418264,31.32291667
939,23.734375,315.8389648,31.64583333
940,23.9765625,325.128145,31.96875
941,24.21875,319.2463412,32.29166667
942,24.4609375,322.8459875,32.61458333
943,24.703125,328.3259576,32.9375
944,24.9453125,332.3590614,33.26041667
945,25.1875,333.5978937,33.58333333
946,25.4296875,339.5522068,33.90625
947,25.671875,340.3846019,34.22916667
948,25.9140625,343.7905441,34.55208333
949,26.15625,344.0531785,34.875
950,26.3984375,340.3329384,35.19791667
951,26.640625,344.3813554,35.52083333
952,26.8828125,346.864539,35.84375
953,27.125,345.1545055,36.16666667
954,27.3671875,347.6658841,36.48958333
955,27.609375,343.047037,36.8125
956,27.8515625,343.6903179,37.13541667
957,28.09375,342.2631089,37.45833333
958,28.3359375,338.582921,37.78125
959,28.578125,337.6951603,38.10416667
960,28.8203125,340.4480544,38.42708333
961,29.0625,342.2572486,38.75
962,29.3046875,340.3660648,39.07291667
963,29.546875,339.6349613,39.39583333
964,29.7890625,346.1051995,39.71875
965,30.03125,340.086191,40.04166667
966,30.2734375,340.5527065,40.36458333
967,30.515625,345.5042658,40.6875
968,30.7578125,342.4136735,41.01041667
969,0,338.7902582,0
970,0.303921569,336.2683748,0.405228758
971,0.607843137,336.1373717,0.810457516
972,0.911764706,335.0949619,1.215686275
973,1.215686275,333.3491383,1.620915033
974,1.519607843,322.0542183,2.026143791
975,1.823529412,307.8346934,2.431372549
976,2.12745098,297.7857639,2.836601307
977,2.431372549,289.7641712,3.241830065
978,2.735294118,283.6112089,3.647058824
979,3.039215686,279.9670571,4.052287582
980,3.343137255,275.4872727,4.45751634
981,3.647058824,266.9977437,4.862745098
982,3.950980392,259.2137459,5.267973856
983,4.254901961,249.76672,5.673202614
984,4.558823529,239.9422306,6.078431373
985,4.862745098,231.6051651,6.483660131
986,5.166666667,225.7555725,6.888888889
987,5.470588235,220.6909599,7.294117647
988,5.774509804,215.2354692,7.699346405
989,6.078431373,208.6121528,8.104575163
990,6.382352941,205.4917399,8.509803922
991,6.68627451,199.663157,8.91503268
992,6.990196078,197.1612041,9.320261438
993,7.294117647,192.4632087,9.725490196
994,7.598039216,185.0244497,10.13071895
995,7.901960784,187.1355792,10.53594771
996,8.205882353,204.309844,10.94117647
997,8.509803922,176.2567271,11.34640523
998,8.81372549,178.7962461,11.75163399
999,9.117647059,179.9821855,12.15686275
1000,9.421568627,175.4530871,12.5620915
1001,9.725490196,176.5256453,12.96732026
1002,10.02941176,179.823206,13.37254902
1003,10.33333333,182.5558554,13.77777778
1004,10.6372549,184.4934435,14.18300654
1005,10.94117647,186.7034195,14.58823529
1006,11.24509804,187.9811566,14.99346405
1007,11.54901961,187.0154499,15.39869281
1008,11.85294118,189.5522094,15.80392157
1009,12.15686275,187.9349299,16.20915033
1010,12.46078431,187.1335575,16.61437908
1011,12.76470588,188.1926193,17.01960784
1012,13.06862745,189.6756719,17.4248366
1013,13.37254902,189.4716132,17.83006536
1014,13.67647059,191.5142496,18.23529412
1015,13.98039216,192.9948433,18.64052288
1016,14.28431373,192.5078235,19.04575163
1017,14.58823529,192.8292522,19.45098039
1018,14.89215686,190.3495384,19.85620915
1019,15.19607843,187.4969235,20.26143791
1020,15.5,185.9422905,20.66666667
1021,15.80392157,184.3542442,21.07189542
1022,16.10784314,183.8431548,21.47712418
1023,16.41176471,180.4873463,21.88235294
1024,16.71568627,182.394663,22.2875817
1025,17.01960784,179.0873761,22.69281046
1026,17.32352941,177.6531456,23.09803922
1027,17.62745098,181.3911169,23.50326797
1028,17.93137255,179.4998102,23.90849673
1029,18.23529412,184.0178438,24.31372549
1030,18.53921569,192.2610625,24.71895425
1031,18.84313725,186.7821033,25.12418301
1032,19.14705882,191.1762372,25.52941176
1033,19.45098039,191.093428,25.93464052
1034,19.75490196,194.3644602,26.33986928
1035,20.05882353,195.5452633,26.74509804
1036,20.3627451,196.8996352,27.1503268
1037,20.66666667,202.5788828,27.55555556
1038,20.97058824,206.5216778,27.96078431
1039,21.2745098,208.3066248,28.36601307
1040,21.57843137,210.216373,28.77124183
1041,21.88235294,211.0555847,29.17647059
1042,22.18627451,211.8228062,29.58169935
1043,22.49019608,214.7543507,29.9869281
1044,22.79411765,214.6536327,30.39215686
1045,23.09803922,219.5723115,30.79738562
1046,23.40196078,219.3139118,31.20261438
1047,23.70588235,225.6102261,31.60784314
1048,24.00980392,225.2762298,32.0130719
1049,24.31372549,229.3851487,32.41830065
1050,24.61764706,237.0320782,32.82352941
1051,24.92156863,241.9012927,33.22875817
1052,25.2254902,247.4679516,33.63398693
1053,25.52941176,254.3493125,34.03921569
1054,25.83333333,261.4279566,34.44444444
1055,26.1372549,266.5328947,34.8496732
1056,26.44117647,271.5968242,35.25490196
1057,26.74509804,282.9135324,35.66013072
1058,27.04901961,286.5991298,36.06535948
1059,27.35294118,293.4055909,36.47058824
1060,27.65686275,300.6388432,36.87581699
1061,27.96078431,308.1239929,37.28104575
1062,28.26470588,312.3421128,37.68627451
1063,28.56862745,319.2051279,38.09150327
1064,28.87254902,325.7634619,38.49673203
1065,29.17647059,336.607439,38.90196078
1066,29.48039216,343.5617327,39.30718954
1067,29.78431373,345.8898847,39.7124183
1068,30.08823529,346.6360282,40.11764706
1069,30.39215686,349.9642428,40.52287582
1070,30.69607843,348.9585247,40.92810458
1071,0,338.847987,0
1072,0.271929825,333.7273532,0.362573099
1073,0.543859649,331.8514963,0.725146199
1074,0.815789474,327.940653,1.087719298
1075,1.087719298,314.458201,1.450292398
1076,1.359649123,303.0977796,1.812865497
1077,1.631578947,300.0291532,2.175438596
1078,1.903508772,298.5226594,2.538011696
1079,2.175438596,287.3705041,2.900584795
1080,2.447368421,281.6856693,3.263157895
1081,2.719298246,273.6337369,3.625730994
1082,2.99122807,260.4538077,3.988304094
1083,3.263157895,255.5439946,4.350877193
1084,3.535087719,248.8818417,4.713450292
1085,3.807017544,242.8626009,5.076023392
1086,4.078947368,229.4199143,5.438596491
1087,4.350877193,228.1603455,5.801169591
1088,4.622807018,226.9023612,6.16374269
1089,4.894736842,222.3831802,6.526315789
1090,5.166666667,217.1735491,6.888888889
1091,5.438596491,211.2441526,7.251461988
1092,5.710526316,199.2924417,7.614035088
1093,5.98245614,193.1925363,7.976608187
1094,6.254385965,187.194756,8.339181287
1095,6.526315789,186.1864288,8.701754386
1096,6.798245614,183.1812549,9.064327485
1097,7.070175439,185.6512972,9.426900585
1098,7.342105263,181.7122451,9.789473684
1099,7.614035088,180.7865632,10.15204678
1100,7.885964912,180.3223836,10.51461988
1101,8.157894737,184.9135001,10.87719298
1102,8.429824561,190.1454523,11.23976608
1103,8.701754386,191.8755119,11.60233918
1104,8.973684211,192.1164264,11.96491228
1105,9.245614035,191.2115629,12.32748538
1106,9.51754386,189.9349186,12.69005848
1107,9.789473684,189.2852037,13.05263158
1108,10.06140351,188.0583924,13.41520468
1109,10.33333333,186.3768818,13.77777778
1110,10.60526316,182.1662888,14.14035088
1111,10.87719298,184.6571495,14.50292398
1112,11.14912281,184.1543383,14.86549708
1113,11.42105263,185.1027783,15.22807018
1114,11.69298246,185.1289789,15.59064327
1115,11.96491228,185.8287455,15.95321637
1116,12.23684211,183.6028961,16.31578947
1117,12.50877193,183.8623886,16.67836257
1118,12.78070175,184.0806269,17.04093567
1119,13.05263158,183.927412,17.40350877
1120,13.3245614,183.0073036,17.76608187
1121,13.59649123,182.9128557,18.12865497
1122,13.86842105,181.9663828,18.49122807
1123,14.14035088,180.9731093,18.85380117
1124,14.4122807,180.4613643,19.21637427
1125,14.68421053,177.8898527,19.57894737
1126,14.95614035,177.0254512,19.94152047
1127,15.22807018,178.2695565,20.30409357
1128,15.5,179.947734,20.66666667
1129,15.77192982,178.7863833,21.02923977
1130,16.04385965,180.3177664,21.39181287
1131,16.31578947,179.9845351,21.75438596
1132,16.5877193,178.1188826,22.11695906
1133,16.85964912,180.0678361,22.47953216
1134,17.13157895,181.1572786,22.84210526
1135,17.40350877,180.1581858,23.20467836
1136,17.6754386,183.1696162,23.56725146
1137,17.94736842,185.8694807,23.92982456
1138,18.21929825,191.1929575,24.29239766
1139,18.49122807,187.9819216,24.65497076
1140,18.76315789,192.6684149,25.01754386
1141,19.03508772,194.6593878,25.38011696
1142,19.30701754,195.9150771,25.74269006
1143,19.57894737,196.4436517,26.10526316
1144,19.85087719,199.698592,26.46783626
1145,20.12280702,202.436651,26.83040936
1146,20.39473684,206.5695438,27.19298246
1147,20.66666667,211.0012437,27.55555556
1148,20.93859649,212.1966361,27.91812865
1149,21.21052632,213.4907111,28.28070175
1150,21.48245614,215.1859094,28.64327485
1151,21.75438596,219.7304987,29.00584795
1152,22.02631579,220.3624824,29.36842105
1153,22.29824561,224.0191608,29.73099415
1154,22.57017544,222.4845949,30.09356725
1155,22.84210526,226.9192728,30.45614035
1156,23.11403509,231.036784,30.81871345
1157,23.38596491,235.276624,31.18128655
1158,23.65789474,240.3486678,31.54385965
1159,23.92982456,247.7509263,31.90643275
1160,24.20175439,249.2100596,32.26900585
1161,24.47368421,255.138254,32.63157895
1162,24.74561404,263.7311374,32.99415205
1163,25.01754386,271.4085706,33.35672515
1164,25.28947368,276.0537822,33.71929825
1165,25.56140351,284.6392207,34.08187135
1166,25.83333333,290.7872379,34.44444444
1167,26.10526316,297.4556745,34.80701754
1168,26.37719298,303.8288558,35.16959064
1169,26.64912281,310.0595182,35.53216374
1170,26.92105263,313.1552332,35.89473684
1171,27.19298246,314.9985646,36.25730994
1172,27.46491228,317.3128923,36.61988304
1173,27.73684211,322.1637882,36.98245614
1174,28.00877193,321.4223302,37.34502924
1175,28.28070175,326.2957385,37.70760234
1176,28.55263158,327.2848455,38.07017544
1177,28.8245614,331.774848,38.43274854
1178,29.09649123,331.4550175,38.79532164
1179,29.36842105,336.6971877,39.15789474
1180,29.64035088,342.2384382,39.52046784
1181,29.9122807,341.1636123,39.88304094
1182,30.18421053,342.921785,40.24561404
1183,30.45614035,342.9493926,40.60818713
1184,30.72807018,338.6951683,40.97076023
1185,0,333.5507791,0
1186,0.274336283,332.9771252,0.365781711
1187,0.548672566,332.5673138,0.731563422
1188,0.82300885,324.4551938,1.097345133
1189,1.097345133,324.3985578,1.463126844
1190,1.371681416,318.3713667,1.828908555
1191,1.646017699,309.4421374,2.194690265
1192,1.920353982,306.5979784,2.560471976
1193,2.194690265,297.8815778,2.926253687
1194,2.469026549,293.9788077,3.292035398
1195,2.743362832,281.2949825,3.657817109
1196,3.017699115,278.3632468,4.02359882
1197,3.292035398,273.5045644,4.389380531
1198,3.566371681,269.9131006,4.755162242
1199,3.840707965,268.156376,5.120943953
1200,4.115044248,254.7550394,5.486725664
1201,4.389380531,250.0783406,5.852507375
1202,4.663716814,244.7689886,6.218289086
1203,4.938053097,239.3550529,6.584070796
1204,5.212389381,233.2651469,6.949852507
1205,5.486725664,232.0425704,7.315634218
1206,5.761061947,225.3693116,7.681415929
1207,6.03539823,219.3324899,8.04719764
1208,6.309734513,220.0069301,8.412979351
1209,6.584070796,216.0804729,8.778761062
1210,6.85840708,206.5641889,9.144542773
1211,7.132743363,199.1630233,9.510324484
1212,7.407079646,194.3038081,9.876106195
1213,7.681415929,193.4432316,10.24188791
1214,7.955752212,104.9684272,10.60766962
1215,8.230088496,182.659565,10.97345133
1216,8.504424779,176.9990594,11.33923304
1217,8.778761062,177.9559143,11.70501475
1218,9.053097345,174.9618325,12.07079646
1219,9.327433628,177.2228984,12.43657817
1220,9.601769912,180.4451357,12.80235988
1221,9.876106195,174.9363696,13.16814159
1222,10.15044248,180.8125453,13.5339233
1223,10.42477876,175.1917094,13.89970501
1224,10.69911504,176.6592711,14.26548673
1225,10.97345133,175.9961691,14.63126844
1226,11.24778761,174.906426,14.99705015
1227,11.52212389,177.663227,15.36283186
1228,11.79646018,180.3751673,15.72861357
1229,12.07079646,182.5674941,16.09439528
1230,12.34513274,183.0267013,16.46017699
1231,12.61946903,183.0085057,16.8259587
1232,12.89380531,182.970202,17.19174041
1233,13.16814159,183.9132053,17.55752212
1234,13.44247788,180.6302885,17.92330383
1235,13.71681416,178.7312773,18.28908555
1236,13.99115044,178.9525208,18.65486726
1237,14.26548673,178.3158379,19.02064897
1238,14.53982301,179.0291829,19.38643068
1239,14.81415929,181.0337068,19.75221239
1240,15.08849558,180.1430501,20.1179941
1241,15.36283186,180.1921728,20.48377581
1242,15.63716814,181.825353,20.84955752
1243,15.91150442,185.078135,21.21533923
1244,16.18584071,186.5179389,21.58112094
1245,16.46017699,187.6722682,21.94690265
1246,16.73451327,187.4754494,22.31268437
1247,17.00884956,187.0188103,22.67846608
1248,17.28318584,187.361959,23.04424779
1249,17.55752212,188.6853765,23.4100295
1250,17.83185841,186.988375,23.77581121
1251,18.10619469,186.1143567,24.14159292
1252,18.38053097,185.1362462,24.50737463
1253,18.65486726,184.3477965,24.87315634
1254,18.92920354,184.9621311,25.23893805
1255,19.20353982,185.1501798,25.60471976
1256,19.47787611,184.2300441,25.97050147
1257,19.75221239,186.6424669,26.33628319
1258,20.02654867,185.4961426,26.7020649
1259,20.30088496,183.7627225,27.06784661
1260,20.57522124,186.2469989,27.43362832
1261,20.84955752,187.1488025,27.79941003
1262,21.12389381,185.8642898,28.16519174
1263,21.39823009,185.427103,28.53097345
1264,21.67256637,182.3799917,28.89675516
1265,21.94690265,186.4223162,29.26253687
1266,22.22123894,184.5600788,29.62831858
1267,22.49557522,179.8509912,29.99410029
1268,22.7699115,177.8917105,30.35988201
1269,23.04424779,177.4044721,30.72566372
1270,23.31858407,176.2875449,31.09144543
1271,23.59292035,177.1029876,31.45722714
1272,23.86725664,184.8403351,31.82300885
1273,24.14159292,195.3391282,32.18879056
1274,24.4159292,203.3497926,32.55457227
1275,24.69026549,206.4452617,32.92035398
1276,24.96460177,212.9869163,33.28613569
1277,25.23893805,221.5249806,33.6519174
1278,25.51327434,229.9524505,34.01769912
1279,25.78761062,243.1958868,34.38348083
1280,26.0619469,255.0155838,34.74926254
1281,26.33628319,265.4660191,35.11504425
1282,26.61061947,273.5031574,35.48082596
1283,26.88495575,287.3688648,35.84660767
1284,27.15929204,303.3626953,36.21238938
1285,27.43362832,324.5630834,36.57817109
1286,27.7079646,336.1395028,36.9439528
1287,27.98230088,343.249115,37.30973451
1288,28.25663717,353.5286863,37.67551622
1289,28.53097345,354.6804884,38.04129794
1290,28.80530973,354.753708,38.40707965
1291,29.07964602,353.6716795,38.77286136
1292,29.3539823,354.6391521,39.13864307
1293,29.62831858,355.2709309,39.50442478
1294,29.90265487,356.4189764,39.87020649
1295,30.17699115,355.7290044,40.2359882
1296,30.45132743,354.321439,40.60176991
1297,30.72566372,354.7235322,40.96755162
1298,0,338.6440648,0
1299,0.25,339.4642066,0.333333333
1300,0.5,341.1565363,0.666666667
1301,0.75,337.9145733,1
1302,1,334.8133669,1.333333333
1303,1.25,327.4592066,1.666666667
1304,1.5,320.3035179,2
1305,1.75,310.8922139,2.333333333
1306,2,297.2990173,2.666666667
1307,2.25,295.5541226,3
1308,2.5,286.1899059,3.333333333
1309,2.75,278.6393367,3.666666667
1310,3,276.7496829,4
1311,3.25,274.6119976,4.333333333
1312,3.5,272.143936,4.666666667
1313,3.75,262.0112958,5
1314,4,257.5422347,5.333333333
1315,4.25,249.6097076,5.666666667
1316,4.5,245.0615666,6
1317,4.75,241.4444624,6.333333333
1318,5,237.0675132,6.666666667
1319,5.25,233.3672173,7
1320,5.5,231.3161934,7.333333333
1321,5.75,222.034786,7.666666667
1322,6,220.9894392,8
1323,6.25,219.6278,8.333333333
1324,6.5,221.1793184,8.666666667
1325,6.75,220.5997359,9
1326,7,215.8756765,9.333333333
1327,7.25,215.7471051,9.666666667
1328,7.5,211.1415631,10
1329,7.75,210.337322,10.33333333
1330,8,208.6268514,10.66666667
1331,8.25,196.8995532,11
1332,8.5,195.1062461,11.33333333
1333,8.75,192.3106223,11.66666667
1334,9,187.8831298,12
1335,9.25,183.8881794,12.33333333
1336,9.5,181.4798821,12.66666667
1337,9.75,179.3416777,13
1338,10,29.52343122,13.33333333
1339,10.25,196.2848089,13.66666667
1340,10.5,178.096261,14
1341,10.75,181.1602019,14.33333333
1342,11,180.2168435,14.66666667
1343,11.25,183.7924748,15
1344,11.5,184.6260311,15.33333333
1345,11.75,184.558303,15.66666667
1346,12,182.7089883,16
1347,12.25,180.7938305,16.33333333
1348,12.5,182.2704628,16.66666667
1349,12.75,183.3194432,17
1350,13,183.7671212,17.33333333
1351,13.25,183.8389474,17.66666667
1352,13.5,182.5238901,18
1353,13.75,183.4205574,18.33333333
1354,14,182.3633534,18.66666667
1355,14.25,182.8517119,19
1356,14.5,182.5555276,19.33333333
1357,14.75,184.655319,19.66666667
1358,15,183.9033698,20
1359,15.25,183.9993476,20.33333333
1360,15.5,186.4546367,20.66666667
1361,15.75,183.6880276,21
1362,16,183.2832979,21.33333333
1363,16.25,184.2210009,21.66666667
1364,16.5,183.6809515,22
1365,16.75,184.117182,22.33333333
1366,17,184.1112261,22.66666667
1367,17.25,184.1351044,23
1368,17.5,184.7717327,23.33333333
1369,17.75,183.6265559,23.66666667
1370,18,183.0668082,24
1371,18.25,184.8031243,24.33333333
1372,18.5,184.3953073,24.66666667
1373,18.75,185.3384745,25
1374,19,182.8528047,25.33333333
1375,19.25,182.0870039,25.66666667
1376,19.5,183.8755846,26
1377,19.75,184.7690006,26.33333333
1378,20,184.3260492,26.66666667
1379,20.25,184.3240821,27
1380,20.5,184.5273212,27.33333333
1381,20.75,181.1204229,27.66666667
1382,21,183.4300377,28
1383,21.25,184.3807727,28.33333333
1384,21.5,184.2362459,28.66666667
1385,21.75,185.0466615,29
1386,22,187.5706896,29.33333333
1387,22.25,183.8640279,29.66666667
1388,22.5,187.2460644,30
1389,22.75,191.567607,30.33333333
1390,23,198.7310821,30.66666667
1391,23.25,198.6873689,31
1392,23.5,201.7497798,31.33333333
1393,23.75,201.2538261,31.66666667
1394,24,206.7518825,32
1395,24.25,212.5917216,32.33333333
1396,24.5,218.0638233,32.66666667
1397,24.75,227.6105426,33
1398,25,244.877616,33.33333333
1399,25.25,253.7379833,33.66666667
1400,25.5,260.3303726,34
1401,25.75,267.5798124,34.33333333
1402,26,276.0537003,34.66666667
1403,26.25,281.6650148,35
1404,26.5,291.3937724,35.33333333
1405,26.75,311.7731444,35.66666667
1406,27,317.2534423,36
1407,27.25,327.6460942,36.33333333
1408,27.5,337.7046133,36.66666667
1409,27.75,344.7910985,37
1410,28,345.3246592,37.33333333
1411,28.25,346.4077223,37.66666667
1412,28.5,345.5571178,38
1413,28.75,343.927462,38.33333333
1414,29,346.8234896,38.66666667
1415,29.25,349.0275233,39
1416,29.5,347.6857053,39.33333333
1417,29.75,347.0107734,39.66666667
1418,30,342.5965724,40
1419,30.25,346.6202095,40.33333333
1420,30.5,345.9973645,40.66666667
1421,30.75,345.1734661,41
1422,0,297.7619949,0
1423,0.382716049,298.495161,0.510288066
1424,0.765432099,297.6451303,1.020576132
1425,1.148148148,297.5183484,1.530864198
1426,1.530864198,299.7281058,2.041152263
1427,1.913580247,296.4889979,2.551440329
1428,2.296296296,289.1409438,3.061728395
1429,2.679012346,288.5101758,3.572016461
1430,3.061728395,283.6416033,4.082304527
1431,3.444444444,274.8211926,4.592592593
1432,3.827160494,266.9954214,5.102880658
1433,4.209876543,255.3363568,5.613168724
1434,4.592592593,246.6652267,6.12345679
1435,4.975308642,237.1718512,6.633744856
1436,5.358024691,228.8451676,7.144032922
1437,5.740740741,213.9525685,7.654320988
1438,6.12345679,202.4095488,8.164609053
1439,6.50617284,192.7724797,8.674897119
1440,6.888888889,189.7694368,9.185185185
1441,7.271604938,179.3307221,9.695473251
1442,7.654320988,172.7362017,10.20576132
1443,8.037037037,165.7454212,10.71604938
1444,8.419753086,159.5906284,11.22633745
1445,8.802469136,149.4582067,11.73662551
1446,9.185185185,144.6671295,12.24691358
1447,9.567901235,146.243182,12.75720165
1448,9.950617284,141.7893796,13.26748971
1449,10.33333333,138.442423,13.77777778
1450,10.71604938,142.2444068,14.28806584
1451,11.09876543,141.5685459,14.79835391
1452,11.48148148,136.6515474,15.30864198
1453,11.86419753,142.3698637,15.81893004
1454,12.24691358,137.6779062,16.32921811
1455,12.62962963,136.8400059,16.83950617
1456,13.01234568,139.3551275,17.34979424
1457,13.39506173,138.6847034,17.8600823
1458,13.77777778,136.9513927,18.37037037
1459,14.16049383,139.9779041,18.88065844
1460,14.54320988,137.3416424,19.3909465
1461,14.92592593,139.3873387,19.90123457
1462,15.30864198,137.3242664,20.41152263
1463,15.69135802,138.0658883,20.9218107
1464,16.07407407,137.4825901,21.43209877
1465,16.45679012,138.0125582,21.94238683
1466,16.83950617,137.63922,22.4526749
1467,17.22222222,137.8181164,22.96296296
1468,17.60493827,137.3102235,23.47325103
1469,17.98765432,136.2868153,23.98353909
1470,18.37037037,134.1673802,24.49382716
1471,18.75308642,134.228087,25.00411523
1472,19.13580247,136.3063223,25.51440329
1473,19.51851852,139.1502491,26.02469136
1474,19.90123457,140.3820601,26.53497942
1475,20.28395062,141.0284692,27.04526749
1476,20.66666667,141.9386329,27.55555556
1477,21.04938272,143.6664522,28.06584362
1478,21.43209877,145.0499753,28.57613169
1479,21.81481481,143.9181037,29.08641975
1480,22.19753086,139.2474017,29.59670782
1481,22.58024691,138.1068968,30.10699588
1482,22.96296296,140.998471,30.61728395
1483,23.34567901,139.1866677,31.12757202
1484,23.72839506,138.9363276,31.63786008
1485,24.11111111,141.9498344,32.14814815
1486,24.49382716,145.516286,32.65843621
1487,24.87654321,149.6935204,33.16872428
1488,25.25925926,159.2373983,33.67901235
1489,25.64197531,165.3189441,34.18930041
1490,26.02469136,181.5013289,34.69958848
1491,26.40740741,196.4315213,35.20987654
1492,26.79012346,205.7432275,35.72016461
1493,27.17283951,215.4584886,36.23045267
1494,27.55555556,231.9646789,36.74074074
1495,27.9382716,251.7741673,37.25102881
1496,28.32098765,267.5916013,37.76131687
1497,28.7037037,275.0416711,38.27160494
1498,29.08641975,287.0237217,38.781893
1499,29.4691358,294.9643084,39.29218107
1500,29.85185185,299.5901087,39.80246914
1501,30.2345679,307.8296391,40.3127572
1502,30.61728395,312.2863648,40.82304527
1503,0,311.2676694,0
1504,0.295238095,305.3478352,0.393650794
1505,0.59047619,298.3498556,0.787301587
1506,0.885714286,297.7215192,1.180952381
1507,1.180952381,289.9708254,1.574603175
1508,1.476190476,275.4980234,1.968253968
1509,1.771428571,265.4571945,2.361904762
1510,2.066666667,258.5904502,2.755555556
1511,2.361904762,246.0943459,3.149206349
1512,2.657142857,241.2698827,3.542857143
1513,2.952380952,228.9119122,3.936507937
1514,3.247619048,215.5243862,4.33015873
1515,3.542857143,202.0601709,4.723809524
1516,3.838095238,201.4132154,5.117460317
1517,4.133333333,188.1313115,5.511111111
1518,4.428571429,183.2500485,5.904761905
1519,4.723809524,174.5363937,6.298412698
1520,5.019047619,175.8594287,6.692063492
1521,5.314285714,175.3333948,7.085714286
1522,5.60952381,171.7595393,7.479365079
1523,5.904761905,170.4547819,7.873015873
1524,6.2,174.0018085,8.266666667
1525,6.495238095,173.1988787,8.66031746
1526,6.79047619,185.0623163,9.053968254
1527,7.085714286,186.6092175,9.447619048
1528,7.380952381,196.1993495,9.841269841
1529,7.676190476,194.4427342,10.23492063
1530,7.971428571,203.5232248,10.62857143
1531,8.266666667,214.1908055,11.02222222
1532,8.561904762,219.7994016,11.41587302
1533,8.857142857,218.8909318,11.80952381
1534,9.152380952,221.5636941,12.2031746
1535,9.447619048,231.9062398,12.5968254
1536,9.742857143,240.2793687,12.99047619
1537,10.03809524,248.8878113,13.38412698
1538,10.33333333,257.2235107,13.77777778
1539,10.62857143,261.6309635,14.17142857
1540,10.92380952,267.7791583,14.56507937
1541,11.21904762,266.1846097,14.95873016
1542,11.51428571,264.4038564,15.35238095
1543,11.80952381,267.8587437,15.74603175
1544,12.1047619,266.9063694,16.13968254
1545,12.4,266.8621781,16.53333333
1546,12.6952381,264.4347289,16.92698413
1547,12.99047619,265.9594593,17.32063492
1548,13.28571429,260.9181923,17.71428571
1549,13.58095238,261.9555478,18.10793651
1550,13.87619048,261.7303291,18.5015873
1551,14.17142857,257.7238358,18.8952381
1552,14.46666667,263.0781303,19.28888889
1553,14.76190476,263.1336461,19.68253968
1554,15.05714286,261.6611393,20.07619048
1555,15.35238095,266.0589069,20.46984127
1556,15.64761905,265.6577289,20.86349206
1557,15.94285714,269.6960509,21.25714286
1558,16.23809524,265.5748787,21.65079365
1559,16.53333333,267.8903948,22.04444444
1560,16.82857143,278.2911746,22.43809524
1561,17.12380952,278.3232355,22.83174603
1562,17.41904762,279.8608614,23.22539683
1563,17.71428571,266.5787116,23.61904762
1564,18.00952381,271.8554015,24.01269841
1565,18.3047619,274.9593947,24.40634921
1566,18.6,275.4797321,24.8
1567,18.8952381,276.0862256,25.19365079
1568,19.19047619,273.5273909,25.58730159
1569,19.48571429,279.2082095,25.98095238
1570,19.78095238,275.6821789,26.37460317
1571,20.07619048,275.1548474,26.76825397
1572,20.37142857,277.735006,27.16190476
1573,20.66666667,276.5328927,27.55555556
1574,20.96190476,275.8296291,27.94920635
1575,21.25714286,271.5588484,28.34285714
1576,21.55238095,259.8352385,28.73650794
1577,21.84761905,252.1820935,29.13015873
1578,22.14285714,244.5933708,29.52380952
1579,22.43809524,242.4408504,29.91746032
1580,22.73333333,226.6644521,30.31111111
1581,23.02857143,222.3624984,30.7047619
1582,23.32380952,215.7485804,31.0984127
1583,23.61904762,209.7550894,31.49206349
1584,23.91428571,199.1725309,31.88571429
1585,24.20952381,193.33373,32.27936508
1586,24.5047619,193.2741161,32.67301587
1587,24.8,193.7823642,33.06666667
1588,25.0952381,198.5694252,33.46031746
1589,25.39047619,202.8527461,33.85396825
1590,25.68571429,213.9719116,34.24761905
1591,25.98095238,226.5218924,34.64126984
1592,26.27619048,237.6046393,35.03492063
1593,26.57142857,243.6212437,35.42857143
1594,26.86666667,255.6508187,35.82222222
1595,27.16190476,265.4324146,36.21587302
1596,27.45714286,284.3717505,36.60952381
1597,27.75238095,292.683476,37.0031746
1598,28.04761905,293.7170612,37.3968254
1599,28.34285714,303.2391236,37.79047619
1600,28.63809524,306.1769519,38.18412698
1601,28.93333333,313.7569182,38.57777778
1602,29.22857143,314.4208536,38.97142857
1603,29.52380952,317.9492064,39.36507937
1604,29.81904762,317.3677387,39.75873016
1605,30.11428571,310.9740123,40.15238095
1606,30.40952381,319.9921023,40.54603175
1607,30.7047619,320.5375202,40.93968254
1608,0,323.6570588,0
1609,0.289719626,320.0914132,0.386292835
1610,0.579439252,323.6820027,0.77258567
1611,0.869158879,318.0891843,1.158878505
1612,1.158878505,307.1180426,1.54517134
1613,1.448598131,306.9639809,1.931464174
1614,1.738317757,299.1800241,2.317757009
1615,2.028037383,300.8660153,2.704049844
1616,2.317757009,298.9687254,3.090342679
1617,2.607476636,291.6222149,3.476635514
1618,2.897196262,291.4371304,3.862928349
1619,3.186915888,285.7546043,4.249221184
1620,3.476635514,274.0201617,4.635514019
1621,3.76635514,267.1841259,5.021806854
1622,4.056074766,261.0279534,5.408099688
1623,4.345794393,256.8973282,5.794392523
1624,4.635514019,246.6130578,6.180685358
1625,4.925233645,230.7939572,6.566978193
1626,5.214953271,221.246828,6.953271028
1627,5.504672897,213.9438805,7.339563863
1628,5.794392523,202.9979832,7.725856698
1629,6.08411215,191.6700598,8.112149533
1630,6.373831776,190.5312214,8.498442368
1631,6.663551402,192.9628781,8.884735202
1632,6.953271028,196.0234858,9.271028037
1633,7.242990654,202.8246877,9.657320872
1634,7.53271028,210.799398,10.04361371
1635,7.822429907,205.9212222,10.42990654
1636,8.112149533,214.8006867,10.81619938
1637,8.401869159,221.1638822,11.20249221
1638,8.691588785,225.8248579,11.58878505
1639,8.981308411,230.045505,11.97507788
1640,9.271028037,238.7110753,12.36137072
1641,9.560747664,251.3506136,12.74766355
1642,9.85046729,252.239713,13.13395639
1643,10.14018692,262.393882,13.52024922
1644,10.42990654,291.3566161,13.90654206
1645,10.71962617,285.4108682,14.29283489
1646,11.00934579,291.7345715,14.67912773
1647,11.29906542,297.9898227,15.06542056
1648,11.58878505,301.6909656,15.4517134
1649,11.87850467,305.509055,15.83800623
1650,12.1682243,307.5584532,16.22429907
1651,12.45794393,305.906531,16.6105919
1652,12.74766355,308.7978594,16.99688474
1653,13.03738318,309.1481524,17.38317757
1654,13.3271028,314.1812505,17.7694704
1655,13.61682243,315.773914,18.15576324
1656,13.90654206,324.6628042,18.54205607
1657,14.19626168,327.1564243,18.92834891
1658,14.48598131,326.5782898,19.31464174
1659,14.77570093,330.3235284,19.70093458
1660,15.06542056,331.3596271,20.08722741
1661,15.35514019,329.1737617,20.47352025
1662,15.64485981,327.7581093,20.85981308
1663,15.93457944,330.2897326,21.24610592
1664,16.22429907,330.5627762,21.63239875
1665,16.51401869,331.7777849,22.01869159
1666,16.80373832,330.8462701,22.40498442
1667,17.09345794,328.8733563,22.79127726
1668,17.38317757,327.6825128,23.17757009
1669,17.6728972,326.9169715,23.56386293
1670,17.96261682,323.1150833,23.95015576
1671,18.25233645,325.6433052,24.3364486
1672,18.54205607,321.4552244,24.72274143
1673,18.8317757,311.2784201,25.10903427
1674,19.12149533,311.7483235,25.4953271
1675,19.41121495,306.3780599,25.88161994
1676,19.70093458,303.400439,26.26791277
1677,19.99065421,297.7137191,26.65420561
1678,20.28037383,297.2830074,27.04049844
1679,20.57009346,285.6610853,27.42679128
1680,20.85981308,274.2351897,27.81308411
1681,21.14953271,277.1885908,28.19937695
1682,21.43925234,270.6366362,28.58566978
1683,21.72897196,255.9058307,28.97196262
1684,22.01869159,239.6351453,29.35825545
1685,22.30841121,220.0746309,29.74454829
1686,22.59813084,209.9643117,30.13084112
1687,22.88785047,211.5823835,30.51713396
1688,23.17757009,214.927455,30.90342679
1689,23.46728972,221.1807664,31.28971963
1690,23.75700935,229.5141163,31.67601246
1691,24.04672897,245.6222705,32.0623053
1692,24.3364486,250.8808058,32.44859813
1693,24.62616822,257.9864156,32.83489097
1694,24.91588785,267.6098789,33.2211838
1695,25.20560748,276.944917,33.60747664
1696,25.4953271,280.7789617,33.99376947
1697,25.78504673,294.5893174,34.38006231
1698,26.07476636,295.4886347,34.76635514
1699,26.36448598,301.1135277,35.15264798
1700,26.65420561,301.5590063,35.53894081
1701,26.94392523,306.5968719,35.92523364
1702,27.23364486,307.5117074,36.31152648
1703,27.52336449,307.1340526,36.69781931
1704,27.81308411,310.6884967,37.08411215
1705,28.10280374,311.5726374,37.47040498
1706,28.39252336,310.2761992,37.85669782
1707,28.68224299,311.8047955,38.24299065
1708,28.97196262,314.2129699,38.62928349
1709,29.26168224,315.7305833,39.01557632
1710,29.55140187,315.897158,39.40186916
1711,29.8411215,316.7476668,39.78816199
1712,30.13084112,315.6575003,40.17445483
1713,30.42056075,315.9933953,40.56074766
1714,30.71028037,315.8321346,40.9470405
1715,0,304.1712941,0
1716,0.3875,299.4217991,0.516666667
1717,0.775,285.8249962,1.033333333
1718,1.1625,276.1231769,1.55
1719,1.55,267.143254,2.066666667
1720,1.9375,262.7794598,2.583333333
1721,2.325,261.9423518,3.1
1722,2.7125,258.5039527,3.616666667
1723,3.1,250.6934674,4.133333333
1724,3.4875,243.1430758,4.65
1725,3.875,237.3110778,5.166666667
1726,4.2625,234.3731948,5.683333333
1727,4.65,229.844916,6.2
1728,5.0375,226.3843051,6.716666667
1729,5.425,220.4024527,7.233333333
1730,5.8125,218.286624,7.75
1731,6.2,212.627102,8.266666667
1732,6.5875,210.7316971,8.783333333
1733,6.975,206.6391298,9.3
1734,7.3625,205.1880697,9.816666667
1735,7.75,200.0764108,10.33333333
1736,8.1375,200.2422751,10.85
1737,8.525,207.8962944,11.36666667
1738,8.9125,207.5721882,11.88333333
1739,9.3,207.0875727,12.4
1740,9.6875,203.4130128,12.91666667
1741,10.075,200.8764172,13.43333333
1742,10.4625,201.5272523,13.95
1743,10.85,201.0921965,14.46666667
1744,11.2375,200.0694167,14.98333333
1745,11.625,197.7101874,15.5
1746,12.0125,195.6508034,16.01666667
1747,12.4,198.8501186,16.53333333
1748,12.7875,197.7482452,17.05
1749,13.175,200.6353662,17.56666667
1750,13.5625,197.605385,18.08333333
1751,13.95,196.8107881,18.6
1752,14.3375,195.3464228,19.11666667
1753,14.725,195.4790105,19.63333333
1754,15.1125,194.9279781,20.15
1755,15.5,195.472836,20.66666667
1756,15.8875,194.418528,21.18333333
1757,16.275,196.2846176,21.7
1758,16.6625,194.9350269,22.21666667
1759,17.05,194.8338308,22.73333333
1760,17.4375,194.5083859,23.25
1761,17.825,197.0530139,23.76666667
1762,18.2125,193.9379285,24.28333333
1763,18.6,193.3674438,24.8
1764,18.9875,194.7851179,25.31666667
1765,19.375,198.7687028,25.83333333
1766,19.7625,203.788482,26.35
1767,20.15,210.2798938,26.86666667
1768,20.5375,216.7141506,27.38333333
1769,20.925,226.7540369,27.9
1770,21.3125,239.9626392,28.41666667
1771,21.7,248.6434818,28.93333333
1772,22.0875,253.5949591,29.45
1773,22.475,259.4488683,29.96666667
1774,22.8625,269.0062428,30.48333333
1775,23.25,276.8373962,31
1776,23.6375,277.0473425,31.51666667
1777,24.025,284.2941186,32.03333333
1778,24.4125,288.7811157,32.55
1779,24.8,291.4530721,33.06666667
1780,25.1875,298.7466623,33.58333333
1781,25.575,310.464084,34.1
1782,25.9625,315.6571861,34.61666667
1783,26.35,322.8980882,35.13333333
1784,26.7375,328.515468,35.65
1785,27.125,328.5161101,36.16666667
1786,27.5125,328.0782403,36.68333333
1787,27.9,329.812357,37.2
1788,28.2875,327.5818358,37.71666667
1789,28.675,325.3580765,38.23333333
1790,29.0625,323.9868614,38.75
1791,29.45,322.9230321,39.26666667
1792,29.8375,324.3765646,39.78333333
1793,30.225,324.6758635,40.3
1794,30.6125,323.692931,40.81666667
1795,0,322.9969757,0
1796,0.233082707,324.2403843,0.310776942
1797,0.466165414,324.4363151,0.621553885
1798,0.69924812,324.0722251,0.932330827
1799,0.932330827,322.5294493,1.243107769
1800,1.165413534,324.1099414,1.553884712
1801,1.398496241,319.4882119,1.864661654
1802,1.631578947,318.2905109,2.175438596
1803,1.864661654,309.0097591,2.486215539
1804,2.097744361,297.1414039,2.796992481
1805,2.330827068,286.7678355,3.107769424
1806,2.563909774,282.9268513,3.418546366
1807,2.796992481,274.8427897,3.729323308
1808,3.030075188,264.676299,4.040100251
1809,3.263157895,255.4775505,4.350877193
1810,3.496240602,236.6692312,4.661654135
1811,3.729323308,223.7224711,4.972431078
1812,3.962406015,213.9748895,5.28320802
1813,4.195488722,201.6738828,5.593984962
1814,4.428571429,191.0698501,5.904761905
1815,4.661654135,183.0682289,6.215538847
1816,4.894736842,179.3459397,6.526315789
1817,5.127819549,171.3357944,6.837092732
1818,5.360902256,162.9508083,7.147869674
1819,5.593984962,164.3179389,7.458646617
1820,5.827067669,163.3593629,7.769423559
1821,6.060150376,165.3373037,8.080200501
1822,6.293233083,170.9120768,8.390977444
1823,6.526315789,169.8182903,8.701754386
1824,6.759398496,177.6527631,9.012531328
1825,6.992481203,175.1834585,9.323308271
1826,7.22556391,175.7127162,9.634085213
1827,7.458646617,178.147542,9.944862155
1828,7.691729323,184.1083028,10.2556391
1829,7.92481203,177.8843066,10.56641604
1830,8.157894737,182.0667866,10.87719298
1831,8.390977444,180.4611457,11.18796992
1832,8.62406015,179.6947165,11.49874687
1833,8.857142857,177.7123224,11.80952381
1834,9.090225564,181.0248275,12.12030075
1835,9.323308271,181.2929808,12.43107769
1836,9.556390977,179.8803064,12.74185464
1837,9.789473684,182.507607,13.05263158
1838,10.02255639,183.7808635,13.36340852
1839,10.2556391,189.3589697,13.67418546
1840,10.4887218,183.0669995,13.98496241
1841,10.72180451,189.6791417,14.29573935
1842,10.95488722,187.4267638,14.60651629
1843,11.18796992,186.5156986,14.91729323
1844,11.42105263,187.4056176,15.22807018
1845,11.65413534,183.5264526,15.53884712
1846,11.88721805,180.9643394,15.84962406
1847,12.12030075,179.5071322,16.160401
1848,12.35338346,181.5922797,16.47117794
1849,12.58646617,178.3904509,16.78195489
1850,12.81954887,177.6894003,17.09273183
1851,13.05263158,175.1985123,17.40350877
1852,13.28571429,177.5282898,17.71428571
1853,13.51879699,181.1356678,18.02506266
1854,13.7518797,183.4231802,18.3358396
1855,13.98496241,173.7233826,18.64661654
1856,14.21804511,182.2398362,18.95739348
1857,14.45112782,182.3832156,19.26817043
1858,14.68421053,183.6106825,19.57894737
1859,14.91729323,189.5189874,19.88972431
1860,15.15037594,187.3819305,20.20050125
1861,15.38345865,187.9772225,20.5112782
1862,15.61654135,190.0711945,20.82205514
1863,15.84962406,189.6114408,21.13283208
1864,16.08270677,189.2348515,21.44360902
1865,16.31578947,190.0255415,21.75438596
1866,16.54887218,189.3130982,22.06516291
1867,16.78195489,188.7351276,22.37593985
1868,17.01503759,184.7285113,22.68671679
1869,17.2481203,187.256337,22.99749373
1870,17.48120301,178.6489599,23.30827068
1871,17.71428571,177.5699266,23.61904762
1872,17.94736842,179.945685,23.92982456
1873,18.18045113,176.5421744,24.2406015
1874,18.41353383,171.21072,24.55137845
1875,18.64661654,165.3898688,24.86215539
1876,18.87969925,160.7151781,25.17293233
1877,19.11278195,161.2880397,25.48370927
1878,19.34586466,162.4598816,25.79448622
1879,19.57894737,164.0974878,26.10526316
1880,19.81203008,163.7092598,26.4160401
1881,20.04511278,169.9727345,26.72681704
1882,20.27819549,172.9381294,27.03759398
1883,20.5112782,175.3599506,27.34837093
1884,20.7443609,175.1544985,27.65914787
1885,20.97744361,172.1199274,27.96992481
1886,21.21052632,174.6787075,28.28070175
1887,21.44360902,176.7907386,28.5914787
1888,21.67669173,181.640774,28.90225564
1889,21.90977444,181.3624574,29.21303258
1890,22.14285714,175.8541011,29.52380952
1891,22.37593985,177.5918652,29.83458647
1892,22.60902256,181.7216981,30.14536341
1893,22.84210526,182.1467544,30.45614035
1894,23.07518797,183.2391202,30.76691729
1895,23.30827068,181.5746031,31.07769424
1896,23.54135338,185.9209803,31.38847118
1897,23.77443609,185.3553587,31.69924812
1898,24.0075188,187.2110118,32.01002506
1899,24.2406015,196.3495317,32.32080201
1900,24.47368421,199.9322938,32.63157895
1901,24.70676692,205.1192487,32.94235589
1902,24.93984962,217.2420695,33.25313283
1903,25.17293233,225.0710782,33.56390977
1904,25.40601504,226.6445353,33.87468672
1905,25.63909774,234.5390592,34.18546366
1906,25.87218045,232.4712057,34.4962406
1907,26.10526316,243.3305918,34.80701754
1908,26.33834586,251.0707397,35.11779449
1909,26.57142857,259.1575471,35.42857143
1910,26.80451128,266.3538344,35.73934837
1911,27.03759398,277.0527793,36.05012531
1912,27.27067669,278.8240933,36.36090226
1913,27.5037594,284.4759246,36.6716792
1914,27.73684211,294.2265524,36.98245614
1915,27.96992481,295.0843968,37.29323308
1916,28.20300752,306.5910389,37.60401003
1917,28.43609023,318.1627454,37.91478697
1918,28.66917293,325.1054278,38.22556391
1919,28.90225564,325.4258183,38.53634085
1920,29.13533835,323.4681631,38.84711779
1921,29.36842105,323.86609,39.15789474
1922,29.60150376,322.8902062,39.46867168
1923,29.83458647,320.8950533,39.77944862
1924,30.06766917,322.601057,40.09022556
1925,30.30075188,319.5470062,40.40100251
1926,30.53383459,324.0593297,40.71177945
1927,30.76691729,325.3027929,41.02255639
1928,0,325.5332435,0
1929,0.227941176,326.2789362,0.303921569
1930,0.455882353,328.4952916,0.607843137
1931,0.683823529,319.6295558,0.911764706
1932,0.911764706,319.2697825,1.215686275
1933,1.139705882,319.1568111,1.519607843
1934,1.367647059,311.5745498,1.823529412
1935,1.595588235,308.2623452,2.12745098
1936,1.823529412,299.0958215,2.431372549
1937,2.051470588,291.169469,2.735294118
1938,2.279411765,287.0556324,3.039215686
1939,2.507352941,285.1669348,3.343137255
1940,2.735294118,282.941222,3.647058824
1941,2.963235294,277.0280814,3.950980392
1942,3.191176471,274.8110293,4.254901961
1943,3.419117647,269.083984,4.558823529
1944,3.647058824,269.1441579,4.862745098
1945,3.875,265.4953206,5.166666667
1946,4.102941176,261.3768532,5.470588235
1947,4.330882353,259.7628112,5.774509804
1948,4.558823529,259.3133301,6.078431373
1949,4.786764706,259.1046268,6.382352941
1950,5.014705882,256.7614894,6.68627451
1951,5.242647059,257.1742514,6.990196078
1952,5.470588235,256.2217132,7.294117647
1953,5.698529412,256.0252497,7.598039216
1954,5.926470588,256.79799,7.901960784
1955,6.154411765,252.0872631,8.205882353
1956,6.382352941,254.7601894,8.509803922
1957,6.610294118,253.3083644,8.81372549
1958,6.838235294,246.1344118,9.117647059
1959,7.066176471,246.2364958,9.421568627
1960,7.294117647,241.2039168,9.725490196
1961,7.522058824,240.2118045,10.02941176
1962,7.75,238.1641957,10.33333333
1963,7.977941176,231.8065464,10.6372549
1964,8.205882353,229.7391574,10.94117647
1965,8.433823529,224.2778474,11.24509804
1966,8.661764706,220.8514147,11.54901961
1967,8.889705882,215.5674984,11.85294118
1968,9.117647059,206.4311915,12.15686275
1969,9.345588235,197.7071001,12.46078431
1970,9.573529412,196.653885,12.76470588
1971,9.801470588,191.5837536,13.06862745
1972,10.02941176,190.1228308,13.37254902
1973,10.25735294,183.0497601,13.67647059
1974,10.48529412,182.9214071,13.98039216
1975,10.71323529,182.065038,14.28431373
1976,10.94117647,181.7991797,14.58823529
1977,11.16911765,182.7276757,14.89215686
1978,11.39705882,182.3995534,15.19607843
1979,11.625,187.0064613,15.5
1980,11.85294118,181.5445503,15.80392157
1981,12.08088235,181.5217921,16.10784314
1982,12.30882353,182.0505034,16.41176471
1983,12.53676471,181.7913387,16.71568627
1984,12.76470588,180.1449899,17.01960784
1985,12.99264706,177.2842061,17.32352941
1986,13.22058824,172.7714728,17.62745098
1987,13.44852941,168.4550938,17.93137255
1988,13.67647059,157.7038023,18.23529412
1989,13.90441176,157.4956728,18.53921569
1990,14.13235294,155.5740127,18.84313725
1991,14.36029412,156.8164515,19.14705882
1992,14.58823529,153.4097443,19.45098039
1993,14.81617647,154.3762434,19.75490196
1994,15.04411765,156.8706558,20.05882353
1995,15.27205882,163.787042,20.3627451
1996,15.5,164.0169462,20.66666667
1997,15.72794118,169.5738241,20.97058824
1998,15.95588235,169.4304448,21.2745098
1999,16.18382353,170.6824185,21.57843137
2000,16.41176471,172.5927678,21.88235294
2001,16.63970588,174.8802801,22.18627451
2002,16.86764706,172.9657781,22.49019608
2003,17.09558824,171.9580519,22.79411765
2004,17.32352941,168.4685083,23.09803922
2005,17.55147059,170.3524111,23.40196078
2006,17.77941176,171.4700759,23.70588235
2007,18.00735294,171.4261168,24.00980392
2008,18.23529412,170.8206069,24.31372549
2009,18.46323529,169.0574892,24.61764706
2010,18.69117647,164.0892642,24.92156863
2011,18.91911765,170.1833229,25.2254902
2012,19.14705882,167.2877052,25.52941176
2013,19.375,165.1965198,25.83333333
2014,19.60294118,167.3083597,26.1372549
2015,19.83088235,165.1540634,26.44117647
2016,20.05882353,165.866616,26.74509804
2017,20.28676471,163.901516,27.04901961
2018,20.51470588,155.6056228,27.35294118
2019,20.74264706,159.5134746,27.65686275
2020,20.97058824,165.6414657,27.96078431
2021,21.19852941,162.4672036,28.26470588
2022,21.42647059,170.7873029,28.56862745
2023,21.65441176,169.354821,28.87254902
2024,21.88235294,177.5630691,29.17647059
2025,22.11029412,179.5271856,29.48039216
2026,22.33823529,179.2194993,29.78431373
2027,22.56617647,178.7094207,30.08823529
2028,22.79411765,179.4668614,30.39215686
2029,23.02205882,180.1987025,30.69607843
2030,23.25,181.6687505,31
2031,23.47794118,186.2645662,31.30392157
2032,23.70588235,191.1851437,31.60784314
2033,23.93382353,197.8274481,31.91176471
2034,24.16176471,201.3731085,32.21568627
2035,24.38970588,209.8462314,32.51960784
2036,24.61764706,211.5294359,32.82352941
2037,24.84558824,216.1836634,33.12745098
2038,25.07352941,223.0837664,33.43137255
2039,25.30147059,223.7728779,33.73529412
2040,25.52941176,229.0279708,34.03921569
2041,25.75735294,232.8976554,34.34313725
2042,25.98529412,238.1172313,34.64705882
2043,26.21323529,240.1233399,34.95098039
2044,26.44117647,244.8914949,35.25490196
2045,26.66911765,248.3683071,35.55882353
2046,26.89705882,255.2813055,35.8627451
2047,27.125,256.7178309,36.16666667
2048,27.35294118,257.7584512,36.47058824
2049,27.58088235,258.8687257,36.7745098
2050,27.80882353,260.0573289,37.07843137
2051,28.03676471,259.6656312,37.38235294
2052,28.26470588,262.2363232,37.68627451
2053,28.49264706,263.4022911,37.99019608
2054,28.72058824,268.4251303,38.29411765
2055,28.94852941,274.3268782,38.59803922
2056,29.17647059,272.784239,38.90196078
2057,29.40441176,284.8089509,39.20588235
2058,29.63235294,290.3867156,39.50980392
2059,29.86029412,297.3409,39.81372549
2060,30.08823529,306.4249014,40.11764706
2061,30.31617647,312.2034463,40.42156863
2062,30.54411765,315.8229275,40.7254902
2063,30.77205882,317.3713314,41.02941176
2064,0,321.4419875,0
2065,0.171270718,324.0288534,0.228360958
2066,0.342541436,322.7815515,0.456721915
2067,0.513812155,321.3391932,0.685082873
2068,0.685082873,320.9284393,0.913443831
2069,0.856353591,319.4051022,1.141804788
2070,1.027624309,320.9335619,1.370165746
2071,1.198895028,321.0250864,1.598526703
2072,1.370165746,320.5038884,1.826887661
2073,1.541436464,319.2841395,2.055248619
2074,1.712707182,321.0112485,2.283609576
2075,1.883977901,322.6490322,2.511970534
2076,2.055248619,322.8961894,2.740331492
2077,2.226519337,322.3669317,2.968692449
2078,2.397790055,323.6302845,3.197053407
2079,2.569060773,321.8265272,3.425414365
2080,2.740331492,324.3137269,3.653775322
2081,2.91160221,324.309055,3.88213628
2082,3.082872928,323.8688357,4.110497238
2083,3.254143646,323.1340303,4.338858195
2084,3.425414365,322.6941934,4.567219153
2085,3.596685083,322.8062905,4.79558011
2086,3.767955801,320.5802362,5.023941068
2087,3.939226519,318.9228771,5.252302026
2088,4.110497238,308.7204323,5.480662983
2089,4.281767956,298.1537609,5.709023941
2090,4.453038674,283.1772324,5.937384899
2091,4.624309392,272.6251502,6.165745856
2092,4.79558011,259.72545,6.394106814
2093,4.966850829,244.4114692,6.622467772
2094,5.138121547,229.7887992,6.850828729
2095,5.309392265,215.7780048,7.079189687
2096,5.480662983,200.5560267,7.307550645
2097,5.651933702,195.8471303,7.535911602
2098,5.82320442,191.357565,7.76427256
2099,5.994475138,195.6153137,7.992633517
2100,6.165745856,194.1911373,8.220994475
2101,6.337016575,199.3669181,8.449355433
2102,6.508287293,201.7113942,8.67771639
2103,6.679558011,205.1992439,8.906077348
2104,6.850828729,203.2752616,9.134438306
2105,7.022099448,208.2580485,9.362799263
2106,7.193370166,199.9848043,9.591160221
2107,7.364640884,193.4515098,9.819521179
2108,7.535911602,187.0442186,10.04788214
2109,7.70718232,177.0154519,10.27624309
2110,7.878453039,173.7655932,10.50460405
2111,8.049723757,166.1290865,10.73296501
2112,8.220994475,153.3136572,10.96132597
2113,8.392265193,150.1258987,11.18968692
2114,8.563535912,154.765291,11.41804788
2115,8.73480663,151.5045041,11.64640884
2116,8.906077348,153.0604758,11.8747698
2117,9.077348066,157.0732939,12.10313076
2118,9.248618785,152.2529015,12.33149171
2119,9.419889503,163.5475482,12.55985267
2120,9.591160221,165.2730999,12.78821363
2121,9.762430939,166.1234038,13.01657459
2122,9.933701657,169.9062358,13.24493554
2123,10.10497238,161.9364159,13.4732965
2124,10.27624309,151.8886066,13.70165746
2125,10.44751381,154.4919195,13.93001842
2126,10.61878453,154.0548967,14.15837937
2127,10.79005525,155.2668181,14.38674033
2128,10.96132597,172.7217491,14.61510129
2129,11.13259669,165.2230756,14.84346225
2130,11.3038674,168.2122942,15.0718232
2131,11.47513812,167.409146,15.30018416
2132,11.64640884,170.1351564,15.52854512
2133,11.81767956,173.2619897,15.75690608
2134,11.98895028,168.6527868,15.98526703
2135,12.16022099,168.3441442,16.21362799
2136,12.33149171,170.9032795,16.44198895
2137,12.50276243,173.1252766,16.67034991
2138,12.67403315,173.5518083,16.89871087
2139,12.84530387,173.3617924,17.12707182
2140,13.01657459,171.680555,17.35543278
2141,13.1878453,171.4900747,17.58379374
2142,13.35911602,171.8196177,17.8121547
2143,13.53038674,168.9879852,18.04051565
2144,13.70165746,159.030307,18.26887661
2145,13.87292818,159.9024129,18.49723757
2146,14.0441989,157.0942216,18.72559853
2147,14.21546961,160.534424,18.95395948
2148,14.38674033,162.4926938,19.18232044
2149,14.55801105,160.3045471,19.4106814
2150,14.72928177,162.050644,19.63904236
2151,14.90055249,162.4416587,19.86740331
2152,15.0718232,165.1793897,20.09576427
2153,15.24309392,164.019487,20.32412523
2154,15.41436464,164.600299,20.55248619
2155,15.58563536,167.0140605,20.78084715
2156,15.75690608,162.4824212,21.0092081
2157,15.9281768,164.9241046,21.23756906
2158,16.09944751,164.2216333,21.46593002
2159,16.27071823,164.5710658,21.69429098
2160,16.44198895,164.3609145,21.92265193
2161,16.61325967,163.889932,22.15101289
2162,16.78453039,165.9008763,22.37937385
2163,16.9558011,165.2825529,22.60773481
2164,17.12707182,165.7644637,22.83609576
2165,17.29834254,163.8763809,23.06445672
2166,17.46961326,168.5627649,23.29281768
2167,17.64088398,170.3946763,23.52117864
2168,17.8121547,168.5774362,23.74953959
2169,17.98342541,173.2775625,23.97790055
2170,18.15469613,180.3862868,24.20626151
2171,18.32596685,184.8758521,24.43462247
2172,18.49723757,186.0950955,24.66298343
2173,18.66850829,186.8099978,24.89134438
2174,18.83977901,187.8012768,25.11970534
2175,19.01104972,189.7398484,25.3480663
2176,19.18232044,186.9516832,25.57642726
2177,19.35359116,189.955737,25.80478821
2178,19.52486188,193.7799326,26.03314917
2179,19.6961326,191.6701145,26.26151013
2180,19.86740331,191.0858055,26.48987109
2181,20.03867403,189.6097469,26.71823204
2182,20.20994475,188.3904762,26.946593
2183,20.38121547,183.0745946,27.17495396
2184,20.55248619,180.4102198,27.40331492
2185,20.72375691,171.0930768,27.63167587
2186,20.89502762,167.9285409,27.86003683
2187,21.06629834,168.414222,28.08839779
2188,21.23756906,175.5789265,28.31675875
2189,21.40883978,179.6664942,28.54511971
2190,21.5801105,184.3852806,28.77348066
2191,21.75138122,188.8865665,29.00184162
2192,21.92265193,198.6367435,29.23020258
2193,22.09392265,210.8440674,29.45856354
2194,22.26519337,208.1065549,29.68692449
2195,22.43646409,212.9265101,29.91528545
2196,22.60773481,217.7187894,30.14364641
2197,22.77900552,206.9865132,30.37200737
2198,22.95027624,208.2196355,30.60036832
2199,23.12154696,205.8364732,30.82872928
2200,23.29281768,196.8543374,31.05709024
2201,23.4640884,187.9095489,31.2854512
2202,23.63535912,181.2006912,31.51381215
2203,23.80662983,185.6775797,31.74217311
2204,23.97790055,180.2017624,31.97053407
2205,24.14917127,175.6474742,32.19889503
2206,24.32044199,184.064453,32.42725599
2207,24.49171271,181.7051144,32.65561694
2208,24.66298343,190.5754537,32.8839779
2209,24.83425414,202.0189986,33.11233886
2210,25.00552486,207.7504289,33.34069982
2211,25.17679558,226.4380177,33.56906077
2212,25.3480663,237.7266538,33.79742173
2213,25.51933702,244.9352901,34.02578269
2214,25.69060773,252.5531913,34.25414365
2215,25.86187845,256.0856969,34.4825046
2216,26.03314917,254.5383448,34.71086556
2217,26.20441989,253.2480948,34.93922652
2218,26.37569061,245.189018,35.16758748
2219,26.54696133,237.6434348,35.39594843
2220,26.71823204,228.5457048,35.62430939
2221,26.88950276,219.6271716,35.85267035
2222,27.06077348,203.0775413,36.08103131
2223,27.2320442,196.4181888,36.30939227
2224,27.40331492,189.9237171,36.53775322
2225,27.57458564,181.1318156,36.76611418
2226,27.74585635,175.5199136,36.99447514
2227,27.91712707,178.0378765,37.2228361
2228,28.08839779,183.0817527,37.45119705
2229,28.25966851,192.5212653,37.67955801
2230,28.43093923,199.0125132,37.90791897
2231,28.60220994,204.1352917,38.13627993
2232,28.77348066,223.0003561,38.36464088
2233,28.94475138,236.4983399,38.59300184
2234,29.1160221,250.3874749,38.8213628
2235,29.28729282,261.3319105,39.04972376
2236,29.45856354,275.8255446,39.27808471
2237,29.62983425,299.754402,39.50644567
2238,29.80110497,309.5375415,39.73480663
2239,29.97237569,319.0113144,39.96316759
2240,30.14364641,333.9984807,40.19152855
2241,30.31491713,336.3392958,40.4198895
2242,30.48618785,331.908033,40.64825046
2243,30.65745856,331.6967752,40.87661142
2244,30.82872928,329.6045417,41.10497238
2245,0,327.6266828,0
2246,0.673913043,330.9793085,0.898550725
2247,1.347826087,330.0699508,1.797101449
2248,2.02173913,328.543745,2.695652174
2249,2.695652174,326.5928654,3.594202899
2250,3.369565217,332.3187733,4.492753623
2251,4.043478261,331.4258216,5.391304348
2252,4.717391304,332.6760778,6.289855072
2253,5.391304348,333.2815604,7.188405797
2254,6.065217391,331.7459972,8.086956522
2255,6.739130435,331.9749725,8.985507246
2256,7.413043478,328.5412998,9.884057971
2257,8.086956522,326.4997699,10.7826087
2258,8.760869565,321.7873355,11.68115942
2259,9.434782609,332.6790657,12.57971014
2260,10.10869565,313.3431453,13.47826087
2261,10.7826087,309.0535543,14.37681159
2262,11.45652174,296.6990262,15.27536232
2263,12.13043478,290.2767086,16.17391304
2264,12.80434783,276.6184066,17.07246377
2265,13.47826087,260.7192016,17.97101449
2266,14.15217391,250.9954437,18.86956522
2267,14.82608696,238.1089258,19.76811594
2268,15.5,232.4381476,20.66666667
2269,16.17391304,227.120053,21.56521739
2270,16.84782609,227.8120605,22.46376812
2271,17.52173913,229.3859546,23.36231884
2272,18.19565217,235.4650962,24.26086957
2273,18.86956522,237.4192953,25.15942029
2274,19.54347826,242.7467336,26.05797101
2275,20.2173913,243.2720024,26.95652174
2276,20.89130435,243.1996844,27.85507246
2277,21.56521739,241.9663161,28.75362319
2278,22.23913043,240.7836279,29.65217391
2279,22.91304348,241.0273564,30.55072464
2280,23.58695652,241.5584719,31.44927536
2281,24.26086957,239.7525972,32.34782609
2282,24.93478261,240.9129644,33.24637681
2283,25.60869565,245.2824003,34.14492754
2284,26.2826087,252.6872816,35.04347826
2285,26.95652174,265.8305326,35.94202899
2286,27.63043478,274.865985,36.84057971
2287,28.30434783,284.1597005,37.73913043
2288,28.97826087,296.6353688,38.63768116
2289,29.65217391,305.0245897,39.53623188
2290,30.32608696,302.2421892,40.43478261
